2026-10-03 16:13:06,653 INFO  Logger.cs: 70 - 
--------------------------------------------------------------------------------
2026-10-03 16:13:06,666 INFO  Logger.cs: 71 - Logging commencing for SW2URDF exporter
2026-10-03 16:13:06,666 INFO  Logger.cs: 73 - Commit version 1.6.1-15-g882169e-dirty
2026-10-03 16:13:06,667 INFO  Logger.cs: 74 - Build version 1.6.9772.27582
2026-10-03 16:13:06,689 INFO  SwAddin.cs: 192 - Attempting to connect to SW
2026-10-03 16:13:06,689 INFO  SwAddin.cs: 197 - Setting up callbacks
2026-10-03 16:13:06,691 INFO  SwAddin.cs: 201 - Setting up command manager
2026-10-03 16:13:06,691 INFO  SwAddin.cs: 204 - Adding command manager
2026-10-03 16:13:06,693 INFO  SwAddin.cs: 263 - Adding Assembly export to file menu
2026-10-03 16:13:06,693 INFO  SwAddin.cs: 272 - Adding Part export to file menu
2026-10-03 16:13:06,694 INFO  SwAddin.cs: 210 - Adding event handlers
2026-10-03 16:13:06,702 INFO  SwAddin.cs: 217 - Connecting plugin to SolidWorks
2026-10-03 16:14:21,314 INFO  SwAddin.cs: 294 - Assembly export called for file “zongzhuangtu”FC.SLDASM
2026-10-03 16:14:22,733 INFO  SwAddin.cs: 313 - Saving assembly
2026-10-03 16:14:23,076 INFO  SwAddin.cs: 316 - Opening property manager
2026-10-03 16:14:23,083 INFO  ExportHelperExtension.cs: 1125 - Retrieving features of type [CoordSys] from “zongzhuangtu”FC.SLDASM
2026-10-03 16:14:23,086 INFO  ExportHelperExtension.cs: 1136 - Found 185 in “zongzhuangtu”FC.SLDASM
2026-10-03 16:14:23,086 INFO  ExportHelperExtension.cs: 1145 - Found 0 features of type [CoordSys] in “zongzhuangtu”FC.SLDASM
2026-10-03 16:14:23,086 INFO  ExportHelperExtension.cs: 1148 - Proceeding through assembly components
2026-10-03 16:14:23,087 INFO  ExportHelperExtension.cs: 1160 - 47 components to check
2026-10-03 16:14:23,088 INFO  ExportHelperExtension.cs: 1125 - Retrieving features of type [CoordSys] from 麦轮电机单位-4
2026-10-03 16:14:23,088 INFO  ExportHelperExtension.cs: 1136 - Found 39 in 麦轮电机单位-4
2026-10-03 16:14:23,088 INFO  ExportHelperExtension.cs: 1145 - Found 0 features of type [CoordSys] in 麦轮电机单位-4
2026-10-03 16:14:23,089 INFO  ExportHelperExtension.cs: 1125 - Retrieving features of type [CoordSys] from 32X25合页-5
2026-10-03 16:14:23,089 INFO  ExportHelperExtension.cs: 1136 - Found 30 in 32X25合页-5
2026-10-03 16:14:23,089 INFO  ExportHelperExtension.cs: 1145 - Found 0 features of type [CoordSys] in 32X25合页-5
2026-10-03 16:14:23,089 INFO  ExportHelperExtension.cs: 1125 - Retrieving features of type [CoordSys] from 麦轮电机底板3-3
2026-10-03 16:14:23,090 INFO  ExportHelperExtension.cs: 1136 - Found 36 in 麦轮电机底板3-3
2026-10-03 16:14:23,090 INFO  ExportHelperExtension.cs: 1145 - Found 0 features of type [CoordSys] in 麦轮电机底板3-3
2026-10-03 16:14:23,090 INFO  ExportHelperExtension.cs: 1125 - Retrieving features of type [CoordSys] from 麦轮电机单位-3
2026-10-03 16:14:23,091 INFO  ExportHelperExtension.cs: 1136 - Found 39 in 麦轮电机单位-3
2026-10-03 16:14:23,091 INFO  ExportHelperExtension.cs: 1145 - Found 0 features of type [CoordSys] in 麦轮电机单位-3
2026-10-03 16:14:23,091 INFO  ExportHelperExtension.cs: 1125 - Retrieving features of type [CoordSys] from 麦轮电机底板3-4
2026-10-03 16:14:23,091 INFO  ExportHelperExtension.cs: 1136 - Found 36 in 麦轮电机底板3-4
2026-10-03 16:14:23,092 INFO  ExportHelperExtension.cs: 1145 - Found 0 features of type [CoordSys] in 麦轮电机底板3-4
2026-10-03 16:14:23,092 INFO  ExportHelperExtension.cs: 1125 - Retrieving features of type [CoordSys] from 250mm铝方管3-1
2026-10-03 16:14:23,092 INFO  ExportHelperExtension.cs: 1136 - Found 33 in 250mm铝方管3-1
2026-10-03 16:14:23,093 INFO  ExportHelperExtension.cs: 1145 - Found 0 features of type [CoordSys] in 250mm铝方管3-1
2026-10-03 16:14:23,093 INFO  ExportHelperExtension.cs: 1125 - Retrieving features of type [CoordSys] from 麦轮电机底板3-1
2026-10-03 16:14:23,094 INFO  ExportHelperExtension.cs: 1136 - Found 36 in 麦轮电机底板3-1
2026-10-03 16:14:23,094 INFO  ExportHelperExtension.cs: 1145 - Found 0 features of type [CoordSys] in 麦轮电机底板3-1
2026-10-03 16:14:23,094 INFO  ExportHelperExtension.cs: 1125 - Retrieving features of type [CoordSys] from 麦轮电机单位-1
2026-10-03 16:14:23,094 INFO  ExportHelperExtension.cs: 1136 - Found 39 in 麦轮电机单位-1
2026-10-03 16:14:23,095 INFO  ExportHelperExtension.cs: 1145 - Found 0 features of type [CoordSys] in 麦轮电机单位-1
2026-10-03 16:14:23,095 INFO  ExportHelperExtension.cs: 1125 - Retrieving features of type [CoordSys] from 32X25合页-2
2026-10-03 16:14:23,095 INFO  ExportHelperExtension.cs: 1136 - Found 30 in 32X25合页-2
2026-10-03 16:14:23,095 INFO  ExportHelperExtension.cs: 1145 - Found 0 features of type [CoordSys] in 32X25合页-2
2026-10-03 16:14:23,095 INFO  ExportHelperExtension.cs: 1125 - Retrieving features of type [CoordSys] from 32X25合页-1
2026-10-03 16:14:23,096 INFO  ExportHelperExtension.cs: 1136 - Found 30 in 32X25合页-1
2026-10-03 16:14:23,096 INFO  ExportHelperExtension.cs: 1145 - Found 0 features of type [CoordSys] in 32X25合页-1
2026-10-03 16:14:23,096 INFO  ExportHelperExtension.cs: 1125 - Retrieving features of type [CoordSys] from 32X25合页-3
2026-10-03 16:14:23,097 INFO  ExportHelperExtension.cs: 1136 - Found 30 in 32X25合页-3
2026-10-03 16:14:23,097 INFO  ExportHelperExtension.cs: 1145 - Found 0 features of type [CoordSys] in 32X25合页-3
2026-10-03 16:14:23,097 INFO  ExportHelperExtension.cs: 1125 - Retrieving features of type [CoordSys] from 32X25合页-4
2026-10-03 16:14:23,097 INFO  ExportHelperExtension.cs: 1136 - Found 30 in 32X25合页-4
2026-10-03 16:14:23,098 INFO  ExportHelperExtension.cs: 1145 - Found 0 features of type [CoordSys] in 32X25合页-4
2026-10-03 16:14:23,098 INFO  ExportHelperExtension.cs: 1125 - Retrieving features of type [CoordSys] from 麦轮电机单位-2
2026-10-03 16:14:23,098 INFO  ExportHelperExtension.cs: 1136 - Found 39 in 麦轮电机单位-2
2026-10-03 16:14:23,098 INFO  ExportHelperExtension.cs: 1145 - Found 0 features of type [CoordSys] in 麦轮电机单位-2
2026-10-03 16:14:23,099 INFO  ExportHelperExtension.cs: 1125 - Retrieving features of type [CoordSys] from 250mm铝方管-1
2026-10-03 16:14:23,099 INFO  ExportHelperExtension.cs: 1136 - Found 33 in 250mm铝方管-1
2026-10-03 16:14:23,099 INFO  ExportHelperExtension.cs: 1145 - Found 0 features of type [CoordSys] in 250mm铝方管-1
2026-10-03 16:14:23,100 INFO  ExportHelperExtension.cs: 1125 - Retrieving features of type [CoordSys] from 麦轮电机底板3-2
2026-10-03 16:14:23,100 INFO  ExportHelperExtension.cs: 1136 - Found 36 in 麦轮电机底板3-2
2026-10-03 16:14:23,100 INFO  ExportHelperExtension.cs: 1145 - Found 0 features of type [CoordSys] in 麦轮电机底板3-2
2026-10-03 16:14:23,100 INFO  ExportHelperExtension.cs: 1125 - Retrieving features of type [CoordSys] from 250mm铝方管-2
2026-10-03 16:14:23,101 INFO  ExportHelperExtension.cs: 1136 - Found 33 in 250mm铝方管-2
2026-10-03 16:14:23,101 INFO  ExportHelperExtension.cs: 1145 - Found 0 features of type [CoordSys] in 250mm铝方管-2
2026-10-03 16:14:23,101 INFO  ExportHelperExtension.cs: 1125 - Retrieving features of type [CoordSys] from 450mm铝方管-2
2026-10-03 16:14:23,102 INFO  ExportHelperExtension.cs: 1136 - Found 31 in 450mm铝方管-2
2026-10-03 16:14:23,102 INFO  ExportHelperExtension.cs: 1145 - Found 0 features of type [CoordSys] in 450mm铝方管-2
2026-10-03 16:14:23,102 INFO  ExportHelperExtension.cs: 1125 - Retrieving features of type [CoordSys] from 地面-1
2026-10-03 16:14:23,102 INFO  ExportHelperExtension.cs: 1136 - Found 27 in 地面-1
2026-10-03 16:14:23,103 INFO  ExportHelperExtension.cs: 1145 - Found 0 features of type [CoordSys] in 地面-1
2026-10-03 16:14:23,103 INFO  ExportHelperExtension.cs: 1125 - Retrieving features of type [CoordSys] from 减震器下安装支架-2
2026-10-03 16:14:23,103 INFO  ExportHelperExtension.cs: 1136 - Found 37 in 减震器下安装支架-2
2026-10-03 16:14:23,104 INFO  ExportHelperExtension.cs: 1145 - Found 0 features of type [CoordSys] in 减震器下安装支架-2
2026-10-03 16:14:23,104 INFO  ExportHelperExtension.cs: 1125 - Retrieving features of type [CoordSys] from 250mm铝方管3-2
2026-10-03 16:14:23,104 INFO  ExportHelperExtension.cs: 1136 - Found 33 in 250mm铝方管3-2
2026-10-03 16:14:23,104 INFO  ExportHelperExtension.cs: 1145 - Found 0 features of type [CoordSys] in 250mm铝方管3-2
2026-10-03 16:14:23,105 INFO  ExportHelperExtension.cs: 1125 - Retrieving features of type [CoordSys] from 450mm铝方管-1
2026-10-03 16:14:23,169 INFO  ExportHelperExtension.cs: 1136 - Found 31 in 450mm铝方管-1
2026-10-03 16:14:23,170 INFO  ExportHelperExtension.cs: 1145 - Found 0 features of type [CoordSys] in 450mm铝方管-1
2026-10-03 16:14:23,170 INFO  ExportHelperExtension.cs: 1125 - Retrieving features of type [CoordSys] from 底盘亚克力减震板4-1
2026-10-03 16:14:23,172 INFO  ExportHelperExtension.cs: 1136 - Found 42 in 底盘亚克力减震板4-1
2026-10-03 16:14:23,172 INFO  ExportHelperExtension.cs: 1145 - Found 0 features of type [CoordSys] in 底盘亚克力减震板4-1
2026-10-03 16:14:23,172 INFO  ExportHelperExtension.cs: 1125 - Retrieving features of type [CoordSys] from 底盘亚克力减震板4-2
2026-10-03 16:14:23,172 INFO  ExportHelperExtension.cs: 1136 - Found 42 in 底盘亚克力减震板4-2
2026-10-03 16:14:23,173 INFO  ExportHelperExtension.cs: 1145 - Found 0 features of type [CoordSys] in 底盘亚克力减震板4-2
2026-10-03 16:14:23,173 INFO  ExportHelperExtension.cs: 1125 - Retrieving features of type [CoordSys] from 减震器安装支架上-1
2026-10-03 16:14:23,173 INFO  ExportHelperExtension.cs: 1136 - Found 42 in 减震器安装支架上-1
2026-10-03 16:14:23,174 INFO  ExportHelperExtension.cs: 1145 - Found 0 features of type [CoordSys] in 减震器安装支架上-1
2026-10-03 16:14:23,174 INFO  ExportHelperExtension.cs: 1125 - Retrieving features of type [CoordSys] from 底盘亚克力减震板42-1
2026-10-03 16:14:23,174 INFO  ExportHelperExtension.cs: 1136 - Found 44 in 底盘亚克力减震板42-1
2026-10-03 16:14:23,175 INFO  ExportHelperExtension.cs: 1145 - Found 0 features of type [CoordSys] in 底盘亚克力减震板42-1
2026-10-03 16:14:23,175 INFO  ExportHelperExtension.cs: 1125 - Retrieving features of type [CoordSys] from 减震器下安装支架-1
2026-10-03 16:14:23,175 INFO  ExportHelperExtension.cs: 1136 - Found 37 in 减震器下安装支架-1
2026-10-03 16:14:23,176 INFO  ExportHelperExtension.cs: 1145 - Found 0 features of type [CoordSys] in 减震器下安装支架-1
2026-10-03 16:14:23,176 INFO  ExportHelperExtension.cs: 1125 - Retrieving features of type [CoordSys] from 减震器安装支架上-3
2026-10-03 16:14:23,176 INFO  ExportHelperExtension.cs: 1136 - Found 42 in 减震器安装支架上-3
2026-10-03 16:14:23,176 INFO  ExportHelperExtension.cs: 1145 - Found 0 features of type [CoordSys] in 减震器安装支架上-3
2026-10-03 16:14:23,177 INFO  ExportHelperExtension.cs: 1125 - Retrieving features of type [CoordSys] from 底盘亚克力减震板42-2
2026-10-03 16:14:23,177 INFO  ExportHelperExtension.cs: 1136 - Found 44 in 底盘亚克力减震板42-2
2026-10-03 16:14:23,178 INFO  ExportHelperExtension.cs: 1145 - Found 0 features of type [CoordSys] in 底盘亚克力减震板42-2
2026-10-03 16:14:23,178 INFO  ExportHelperExtension.cs: 1125 - Retrieving features of type [CoordSys] from 减震器下安装支架-3
2026-10-03 16:14:23,178 INFO  ExportHelperExtension.cs: 1136 - Found 37 in 减震器下安装支架-3
2026-10-03 16:14:23,178 INFO  ExportHelperExtension.cs: 1145 - Found 0 features of type [CoordSys] in 减震器下安装支架-3
2026-10-03 16:14:23,179 INFO  ExportHelperExtension.cs: 1125 - Retrieving features of type [CoordSys] from 减震器安装支架上-8
2026-10-03 16:14:23,179 INFO  ExportHelperExtension.cs: 1136 - Found 42 in 减震器安装支架上-8
2026-10-03 16:14:23,180 INFO  ExportHelperExtension.cs: 1145 - Found 0 features of type [CoordSys] in 减震器安装支架上-8
2026-10-03 16:14:23,180 INFO  ExportHelperExtension.cs: 1125 - Retrieving features of type [CoordSys] from 减震器安装支架上-9
2026-10-03 16:14:23,180 INFO  ExportHelperExtension.cs: 1136 - Found 42 in 减震器安装支架上-9
2026-10-03 16:14:23,180 INFO  ExportHelperExtension.cs: 1145 - Found 0 features of type [CoordSys] in 减震器安装支架上-9
2026-10-03 16:14:23,181 INFO  ExportHelperExtension.cs: 1125 - Retrieving features of type [CoordSys] from 减震器安装支架上-5
2026-10-03 16:14:23,181 INFO  ExportHelperExtension.cs: 1136 - Found 42 in 减震器安装支架上-5
2026-10-03 16:14:23,182 INFO  ExportHelperExtension.cs: 1145 - Found 0 features of type [CoordSys] in 减震器安装支架上-5
2026-10-03 16:14:23,182 INFO  ExportHelperExtension.cs: 1125 - Retrieving features of type [CoordSys] from 减震器-5
2026-10-03 16:14:23,182 INFO  ExportHelperExtension.cs: 1136 - Found 33 in 减震器-5
2026-10-03 16:14:23,182 INFO  ExportHelperExtension.cs: 1145 - Found 0 features of type [CoordSys] in 减震器-5
2026-10-03 16:14:23,182 INFO  ExportHelperExtension.cs: 1125 - Retrieving features of type [CoordSys] from 减震器安装支架上-4
2026-10-03 16:14:23,183 INFO  ExportHelperExtension.cs: 1136 - Found 42 in 减震器安装支架上-4
2026-10-03 16:14:23,183 INFO  ExportHelperExtension.cs: 1145 - Found 0 features of type [CoordSys] in 减震器安装支架上-4
2026-10-03 16:14:23,184 INFO  ExportHelperExtension.cs: 1125 - Retrieving features of type [CoordSys] from 减震器-6
2026-10-03 16:14:23,184 INFO  ExportHelperExtension.cs: 1136 - Found 33 in 减震器-6
2026-10-03 16:14:23,184 INFO  ExportHelperExtension.cs: 1145 - Found 0 features of type [CoordSys] in 减震器-6
2026-10-03 16:14:23,184 INFO  ExportHelperExtension.cs: 1125 - Retrieving features of type [CoordSys] from 减震器安装支架上-6
2026-10-03 16:14:23,184 INFO  ExportHelperExtension.cs: 1136 - Found 42 in 减震器安装支架上-6
2026-10-03 16:14:23,185 INFO  ExportHelperExtension.cs: 1145 - Found 0 features of type [CoordSys] in 减震器安装支架上-6
2026-10-03 16:14:23,185 INFO  ExportHelperExtension.cs: 1125 - Retrieving features of type [CoordSys] from 减震器-4
2026-10-03 16:14:23,186 INFO  ExportHelperExtension.cs: 1136 - Found 33 in 减震器-4
2026-10-03 16:14:23,186 INFO  ExportHelperExtension.cs: 1145 - Found 0 features of type [CoordSys] in 减震器-4
2026-10-03 16:14:23,186 INFO  ExportHelperExtension.cs: 1125 - Retrieving features of type [CoordSys] from 减震器-3
2026-10-03 16:14:23,186 INFO  ExportHelperExtension.cs: 1136 - Found 33 in 减震器-3
2026-10-03 16:14:23,186 INFO  ExportHelperExtension.cs: 1145 - Found 0 features of type [CoordSys] in 减震器-3
2026-10-03 16:14:23,187 INFO  ExportHelperExtension.cs: 1125 - Retrieving features of type [CoordSys] from 减震器安装支架上-7
2026-10-03 16:14:23,187 INFO  ExportHelperExtension.cs: 1136 - Found 42 in 减震器安装支架上-7
2026-10-03 16:14:23,188 INFO  ExportHelperExtension.cs: 1145 - Found 0 features of type [CoordSys] in 减震器安装支架上-7
2026-10-03 16:14:23,188 INFO  ExportHelperExtension.cs: 1125 - Retrieving features of type [CoordSys] from 减震器下安装支架-4
2026-10-03 16:14:23,188 INFO  ExportHelperExtension.cs: 1136 - Found 37 in 减震器下安装支架-4
2026-10-03 16:14:23,188 INFO  ExportHelperExtension.cs: 1145 - Found 0 features of type [CoordSys] in 减震器下安装支架-4
2026-10-03 16:14:23,188 INFO  ExportHelperExtension.cs: 1125 - Retrieving features of type [CoordSys] from 减震器-7
2026-10-03 16:14:23,189 INFO  ExportHelperExtension.cs: 1136 - Found 33 in 减震器-7
2026-10-03 16:14:23,189 INFO  ExportHelperExtension.cs: 1145 - Found 0 features of type [CoordSys] in 减震器-7
2026-10-03 16:14:23,190 INFO  ExportHelperExtension.cs: 1125 - Retrieving features of type [CoordSys] from 减震器-10
2026-10-03 16:14:23,190 INFO  ExportHelperExtension.cs: 1136 - Found 33 in 减震器-10
2026-10-03 16:14:23,190 INFO  ExportHelperExtension.cs: 1145 - Found 0 features of type [CoordSys] in 减震器-10
2026-10-03 16:14:23,190 INFO  ExportHelperExtension.cs: 1125 - Retrieving features of type [CoordSys] from 减震器-8
2026-10-03 16:14:23,190 INFO  ExportHelperExtension.cs: 1136 - Found 33 in 减震器-8
2026-10-03 16:14:23,191 INFO  ExportHelperExtension.cs: 1145 - Found 0 features of type [CoordSys] in 减震器-8
2026-10-03 16:14:23,191 INFO  ExportHelperExtension.cs: 1125 - Retrieving features of type [CoordSys] from 减震器-9
2026-10-03 16:14:23,192 INFO  ExportHelperExtension.cs: 1136 - Found 33 in 减震器-9
2026-10-03 16:14:23,192 INFO  ExportHelperExtension.cs: 1145 - Found 0 features of type [CoordSys] in 减震器-9
2026-10-03 16:14:23,192 INFO  ExportHelperExtension.cs: 1125 - Retrieving features of type [CoordSys] from 32X25合页-7
2026-10-03 16:14:23,192 INFO  ExportHelperExtension.cs: 1136 - Found 30 in 32X25合页-7
2026-10-03 16:14:23,192 INFO  ExportHelperExtension.cs: 1145 - Found 0 features of type [CoordSys] in 32X25合页-7
2026-10-03 16:14:23,193 INFO  ExportHelperExtension.cs: 1125 - Retrieving features of type [CoordSys] from 32X25合页-8
2026-10-03 16:14:23,193 INFO  ExportHelperExtension.cs: 1136 - Found 30 in 32X25合页-8
2026-10-03 16:14:23,194 INFO  ExportHelperExtension.cs: 1145 - Found 0 features of type [CoordSys] in 32X25合页-8
2026-10-03 16:14:23,194 INFO  ExportHelperExtension.cs: 1125 - Retrieving features of type [CoordSys] from 32X25合页-6
2026-10-03 16:14:23,194 INFO  ExportHelperExtension.cs: 1136 - Found 30 in 32X25合页-6
2026-10-03 16:14:23,194 INFO  ExportHelperExtension.cs: 1145 - Found 0 features of type [CoordSys] in 32X25合页-6
2026-10-03 16:14:23,194 INFO  ExportHelperExtension.cs: 1125 - Retrieving features of type [RefAxis] from “zongzhuangtu”FC.SLDASM
2026-10-03 16:14:23,195 INFO  ExportHelperExtension.cs: 1136 - Found 185 in “zongzhuangtu”FC.SLDASM
2026-10-03 16:14:23,195 INFO  ExportHelperExtension.cs: 1145 - Found 4 features of type [RefAxis] in “zongzhuangtu”FC.SLDASM
2026-10-03 16:14:23,195 INFO  ExportHelperExtension.cs: 1148 - Proceeding through assembly components
2026-10-03 16:14:23,195 INFO  ExportHelperExtension.cs: 1160 - 47 components to check
2026-10-03 16:14:23,196 INFO  ExportHelperExtension.cs: 1125 - Retrieving features of type [RefAxis] from 麦轮电机单位-4
2026-10-03 16:14:23,196 INFO  ExportHelperExtension.cs: 1136 - Found 39 in 麦轮电机单位-4
2026-10-03 16:14:23,196 INFO  ExportHelperExtension.cs: 1145 - Found 0 features of type [RefAxis] in 麦轮电机单位-4
2026-10-03 16:14:23,197 INFO  ExportHelperExtension.cs: 1125 - Retrieving features of type [RefAxis] from 32X25合页-5
2026-10-03 16:14:23,197 INFO  ExportHelperExtension.cs: 1136 - Found 30 in 32X25合页-5
2026-10-03 16:14:23,198 INFO  ExportHelperExtension.cs: 1145 - Found 0 features of type [RefAxis] in 32X25合页-5
2026-10-03 16:14:23,198 INFO  ExportHelperExtension.cs: 1125 - Retrieving features of type [RefAxis] from 麦轮电机底板3-3
2026-10-03 16:14:23,198 INFO  ExportHelperExtension.cs: 1136 - Found 36 in 麦轮电机底板3-3
2026-10-03 16:14:23,198 INFO  ExportHelperExtension.cs: 1145 - Found 0 features of type [RefAxis] in 麦轮电机底板3-3
2026-10-03 16:14:23,198 INFO  ExportHelperExtension.cs: 1125 - Retrieving features of type [RefAxis] from 麦轮电机单位-3
2026-10-03 16:14:23,199 INFO  ExportHelperExtension.cs: 1136 - Found 39 in 麦轮电机单位-3
2026-10-03 16:14:23,199 INFO  ExportHelperExtension.cs: 1145 - Found 0 features of type [RefAxis] in 麦轮电机单位-3
2026-10-03 16:14:23,200 INFO  ExportHelperExtension.cs: 1125 - Retrieving features of type [RefAxis] from 麦轮电机底板3-4
2026-10-03 16:14:23,200 INFO  ExportHelperExtension.cs: 1136 - Found 36 in 麦轮电机底板3-4
2026-10-03 16:14:23,200 INFO  ExportHelperExtension.cs: 1145 - Found 0 features of type [RefAxis] in 麦轮电机底板3-4
2026-10-03 16:14:23,200 INFO  ExportHelperExtension.cs: 1125 - Retrieving features of type [RefAxis] from 250mm铝方管3-1
2026-10-03 16:14:23,200 INFO  ExportHelperExtension.cs: 1136 - Found 33 in 250mm铝方管3-1
2026-10-03 16:14:23,201 INFO  ExportHelperExtension.cs: 1145 - Found 0 features of type [RefAxis] in 250mm铝方管3-1
2026-10-03 16:14:23,201 INFO  ExportHelperExtension.cs: 1125 - Retrieving features of type [RefAxis] from 麦轮电机底板3-1
2026-10-03 16:14:23,202 INFO  ExportHelperExtension.cs: 1136 - Found 36 in 麦轮电机底板3-1
2026-10-03 16:14:23,202 INFO  ExportHelperExtension.cs: 1145 - Found 0 features of type [RefAxis] in 麦轮电机底板3-1
2026-10-03 16:14:23,202 INFO  ExportHelperExtension.cs: 1125 - Retrieving features of type [RefAxis] from 麦轮电机单位-1
2026-10-03 16:14:23,202 INFO  ExportHelperExtension.cs: 1136 - Found 39 in 麦轮电机单位-1
2026-10-03 16:14:23,202 INFO  ExportHelperExtension.cs: 1145 - Found 0 features of type [RefAxis] in 麦轮电机单位-1
2026-10-03 16:14:23,202 INFO  ExportHelperExtension.cs: 1125 - Retrieving features of type [RefAxis] from 32X25合页-2
2026-10-03 16:14:23,202 INFO  ExportHelperExtension.cs: 1136 - Found 30 in 32X25合页-2
2026-10-03 16:14:23,204 INFO  ExportHelperExtension.cs: 1145 - Found 0 features of type [RefAxis] in 32X25合页-2
2026-10-03 16:14:23,204 INFO  ExportHelperExtension.cs: 1125 - Retrieving features of type [RefAxis] from 32X25合页-1
2026-10-03 16:14:23,204 INFO  ExportHelperExtension.cs: 1136 - Found 30 in 32X25合页-1
2026-10-03 16:14:23,204 INFO  ExportHelperExtension.cs: 1145 - Found 0 features of type [RefAxis] in 32X25合页-1
2026-10-03 16:14:23,204 INFO  ExportHelperExtension.cs: 1125 - Retrieving features of type [RefAxis] from 32X25合页-3
2026-10-03 16:14:23,205 INFO  ExportHelperExtension.cs: 1136 - Found 30 in 32X25合页-3
2026-10-03 16:14:23,205 INFO  ExportHelperExtension.cs: 1145 - Found 0 features of type [RefAxis] in 32X25合页-3
2026-10-03 16:14:23,205 INFO  ExportHelperExtension.cs: 1125 - Retrieving features of type [RefAxis] from 32X25合页-4
2026-10-03 16:14:23,205 INFO  ExportHelperExtension.cs: 1136 - Found 30 in 32X25合页-4
2026-10-03 16:14:23,205 INFO  ExportHelperExtension.cs: 1145 - Found 0 features of type [RefAxis] in 32X25合页-4
2026-10-03 16:14:23,206 INFO  ExportHelperExtension.cs: 1125 - Retrieving features of type [RefAxis] from 麦轮电机单位-2
2026-10-03 16:14:23,206 INFO  ExportHelperExtension.cs: 1136 - Found 39 in 麦轮电机单位-2
2026-10-03 16:14:23,206 INFO  ExportHelperExtension.cs: 1145 - Found 0 features of type [RefAxis] in 麦轮电机单位-2
2026-10-03 16:14:23,207 INFO  ExportHelperExtension.cs: 1125 - Retrieving features of type [RefAxis] from 250mm铝方管-1
2026-10-03 16:14:23,207 INFO  ExportHelperExtension.cs: 1136 - Found 33 in 250mm铝方管-1
2026-10-03 16:14:23,207 INFO  ExportHelperExtension.cs: 1145 - Found 0 features of type [RefAxis] in 250mm铝方管-1
2026-10-03 16:14:23,207 INFO  ExportHelperExtension.cs: 1125 - Retrieving features of type [RefAxis] from 麦轮电机底板3-2
2026-10-03 16:14:23,208 INFO  ExportHelperExtension.cs: 1136 - Found 36 in 麦轮电机底板3-2
2026-10-03 16:14:23,208 INFO  ExportHelperExtension.cs: 1145 - Found 0 features of type [RefAxis] in 麦轮电机底板3-2
2026-10-03 16:14:23,208 INFO  ExportHelperExtension.cs: 1125 - Retrieving features of type [RefAxis] from 250mm铝方管-2
2026-10-03 16:14:23,208 INFO  ExportHelperExtension.cs: 1136 - Found 33 in 250mm铝方管-2
2026-10-03 16:14:23,210 INFO  ExportHelperExtension.cs: 1145 - Found 0 features of type [RefAxis] in 250mm铝方管-2
2026-10-03 16:14:23,210 INFO  ExportHelperExtension.cs: 1125 - Retrieving features of type [RefAxis] from 450mm铝方管-2
2026-10-03 16:14:23,210 INFO  ExportHelperExtension.cs: 1136 - Found 31 in 450mm铝方管-2
2026-10-03 16:14:23,211 INFO  ExportHelperExtension.cs: 1145 - Found 0 features of type [RefAxis] in 450mm铝方管-2
2026-10-03 16:14:23,211 INFO  ExportHelperExtension.cs: 1125 - Retrieving features of type [RefAxis] from 地面-1
2026-10-03 16:14:23,211 INFO  ExportHelperExtension.cs: 1136 - Found 27 in 地面-1
2026-10-03 16:14:23,211 INFO  ExportHelperExtension.cs: 1145 - Found 0 features of type [RefAxis] in 地面-1
2026-10-03 16:14:23,212 INFO  ExportHelperExtension.cs: 1125 - Retrieving features of type [RefAxis] from 减震器下安装支架-2
2026-10-03 16:14:23,212 INFO  ExportHelperExtension.cs: 1136 - Found 37 in 减震器下安装支架-2
2026-10-03 16:14:23,212 INFO  ExportHelperExtension.cs: 1145 - Found 0 features of type [RefAxis] in 减震器下安装支架-2
2026-10-03 16:14:23,213 INFO  ExportHelperExtension.cs: 1125 - Retrieving features of type [RefAxis] from 250mm铝方管3-2
2026-10-03 16:14:23,213 INFO  ExportHelperExtension.cs: 1136 - Found 33 in 250mm铝方管3-2
2026-10-03 16:14:23,213 INFO  ExportHelperExtension.cs: 1145 - Found 0 features of type [RefAxis] in 250mm铝方管3-2
2026-10-03 16:14:23,213 INFO  ExportHelperExtension.cs: 1125 - Retrieving features of type [RefAxis] from 450mm铝方管-1
2026-10-03 16:14:23,214 INFO  ExportHelperExtension.cs: 1136 - Found 31 in 450mm铝方管-1
2026-10-03 16:14:23,214 INFO  ExportHelperExtension.cs: 1145 - Found 0 features of type [RefAxis] in 450mm铝方管-1
2026-10-03 16:14:23,214 INFO  ExportHelperExtension.cs: 1125 - Retrieving features of type [RefAxis] from 底盘亚克力减震板4-1
2026-10-03 16:14:23,214 INFO  ExportHelperExtension.cs: 1136 - Found 42 in 底盘亚克力减震板4-1
2026-10-03 16:14:23,215 INFO  ExportHelperExtension.cs: 1145 - Found 0 features of type [RefAxis] in 底盘亚克力减震板4-1
2026-10-03 16:14:23,215 INFO  ExportHelperExtension.cs: 1125 - Retrieving features of type [RefAxis] from 底盘亚克力减震板4-2
2026-10-03 16:14:23,215 INFO  ExportHelperExtension.cs: 1136 - Found 42 in 底盘亚克力减震板4-2
2026-10-03 16:14:23,216 INFO  ExportHelperExtension.cs: 1145 - Found 0 features of type [RefAxis] in 底盘亚克力减震板4-2
2026-10-03 16:14:23,216 INFO  ExportHelperExtension.cs: 1125 - Retrieving features of type [RefAxis] from 减震器安装支架上-1
2026-10-03 16:14:23,216 INFO  ExportHelperExtension.cs: 1136 - Found 42 in 减震器安装支架上-1
2026-10-03 16:14:23,217 INFO  ExportHelperExtension.cs: 1145 - Found 0 features of type [RefAxis] in 减震器安装支架上-1
2026-10-03 16:14:23,217 INFO  ExportHelperExtension.cs: 1125 - Retrieving features of type [RefAxis] from 底盘亚克力减震板42-1
2026-10-03 16:14:23,229 INFO  ExportHelperExtension.cs: 1136 - Found 44 in 底盘亚克力减震板42-1
2026-10-03 16:14:23,229 INFO  ExportHelperExtension.cs: 1145 - Found 0 features of type [RefAxis] in 底盘亚克力减震板42-1
2026-10-03 16:14:23,230 INFO  ExportHelperExtension.cs: 1125 - Retrieving features of type [RefAxis] from 减震器下安装支架-1
2026-10-03 16:14:23,230 INFO  ExportHelperExtension.cs: 1136 - Found 37 in 减震器下安装支架-1
2026-10-03 16:14:23,230 INFO  ExportHelperExtension.cs: 1145 - Found 0 features of type [RefAxis] in 减震器下安装支架-1
2026-10-03 16:14:23,230 INFO  ExportHelperExtension.cs: 1125 - Retrieving features of type [RefAxis] from 减震器安装支架上-3
2026-10-03 16:14:23,231 INFO  ExportHelperExtension.cs: 1136 - Found 42 in 减震器安装支架上-3
2026-10-03 16:14:23,231 INFO  ExportHelperExtension.cs: 1145 - Found 0 features of type [RefAxis] in 减震器安装支架上-3
2026-10-03 16:14:23,231 INFO  ExportHelperExtension.cs: 1125 - Retrieving features of type [RefAxis] from 底盘亚克力减震板42-2
2026-10-03 16:14:23,232 INFO  ExportHelperExtension.cs: 1136 - Found 44 in 底盘亚克力减震板42-2
2026-10-03 16:14:23,232 INFO  ExportHelperExtension.cs: 1145 - Found 0 features of type [RefAxis] in 底盘亚克力减震板42-2
2026-10-03 16:14:23,232 INFO  ExportHelperExtension.cs: 1125 - Retrieving features of type [RefAxis] from 减震器下安装支架-3
2026-10-03 16:14:23,232 INFO  ExportHelperExtension.cs: 1136 - Found 37 in 减震器下安装支架-3
2026-10-03 16:14:23,233 INFO  ExportHelperExtension.cs: 1145 - Found 0 features of type [RefAxis] in 减震器下安装支架-3
2026-10-03 16:14:23,233 INFO  ExportHelperExtension.cs: 1125 - Retrieving features of type [RefAxis] from 减震器安装支架上-8
2026-10-03 16:14:23,233 INFO  ExportHelperExtension.cs: 1136 - Found 42 in 减震器安装支架上-8
2026-10-03 16:14:23,234 INFO  ExportHelperExtension.cs: 1145 - Found 0 features of type [RefAxis] in 减震器安装支架上-8
2026-10-03 16:14:23,234 INFO  ExportHelperExtension.cs: 1125 - Retrieving features of type [RefAxis] from 减震器安装支架上-9
2026-10-03 16:14:23,234 INFO  ExportHelperExtension.cs: 1136 - Found 42 in 减震器安装支架上-9
2026-10-03 16:14:23,234 INFO  ExportHelperExtension.cs: 1145 - Found 0 features of type [RefAxis] in 减震器安装支架上-9
2026-10-03 16:14:23,235 INFO  ExportHelperExtension.cs: 1125 - Retrieving features of type [RefAxis] from 减震器安装支架上-5
2026-10-03 16:14:23,235 INFO  ExportHelperExtension.cs: 1136 - Found 42 in 减震器安装支架上-5
2026-10-03 16:14:23,235 INFO  ExportHelperExtension.cs: 1145 - Found 0 features of type [RefAxis] in 减震器安装支架上-5
2026-10-03 16:14:23,235 INFO  ExportHelperExtension.cs: 1125 - Retrieving features of type [RefAxis] from 减震器-5
2026-10-03 16:14:23,236 INFO  ExportHelperExtension.cs: 1136 - Found 33 in 减震器-5
2026-10-03 16:14:23,236 INFO  ExportHelperExtension.cs: 1145 - Found 0 features of type [RefAxis] in 减震器-5
2026-10-03 16:14:23,236 INFO  ExportHelperExtension.cs: 1125 - Retrieving features of type [RefAxis] from 减震器安装支架上-4
2026-10-03 16:14:23,237 INFO  ExportHelperExtension.cs: 1136 - Found 42 in 减震器安装支架上-4
2026-10-03 16:14:23,237 INFO  ExportHelperExtension.cs: 1145 - Found 0 features of type [RefAxis] in 减震器安装支架上-4
2026-10-03 16:14:23,237 INFO  ExportHelperExtension.cs: 1125 - Retrieving features of type [RefAxis] from 减震器-6
2026-10-03 16:14:23,237 INFO  ExportHelperExtension.cs: 1136 - Found 33 in 减震器-6
2026-10-03 16:14:23,238 INFO  ExportHelperExtension.cs: 1145 - Found 0 features of type [RefAxis] in 减震器-6
2026-10-03 16:14:23,238 INFO  ExportHelperExtension.cs: 1125 - Retrieving features of type [RefAxis] from 减震器安装支架上-6
2026-10-03 16:14:23,238 INFO  ExportHelperExtension.cs: 1136 - Found 42 in 减震器安装支架上-6
2026-10-03 16:14:23,239 INFO  ExportHelperExtension.cs: 1145 - Found 0 features of type [RefAxis] in 减震器安装支架上-6
2026-10-03 16:14:23,239 INFO  ExportHelperExtension.cs: 1125 - Retrieving features of type [RefAxis] from 减震器-4
2026-10-03 16:14:23,239 INFO  ExportHelperExtension.cs: 1136 - Found 33 in 减震器-4
2026-10-03 16:14:23,239 INFO  ExportHelperExtension.cs: 1145 - Found 0 features of type [RefAxis] in 减震器-4
2026-10-03 16:14:23,240 INFO  ExportHelperExtension.cs: 1125 - Retrieving features of type [RefAxis] from 减震器-3
2026-10-03 16:14:23,240 INFO  ExportHelperExtension.cs: 1136 - Found 33 in 减震器-3
2026-10-03 16:14:23,240 INFO  ExportHelperExtension.cs: 1145 - Found 0 features of type [RefAxis] in 减震器-3
2026-10-03 16:14:23,241 INFO  ExportHelperExtension.cs: 1125 - Retrieving features of type [RefAxis] from 减震器安装支架上-7
2026-10-03 16:14:23,241 INFO  ExportHelperExtension.cs: 1136 - Found 42 in 减震器安装支架上-7
2026-10-03 16:14:23,241 INFO  ExportHelperExtension.cs: 1145 - Found 0 features of type [RefAxis] in 减震器安装支架上-7
2026-10-03 16:14:23,241 INFO  ExportHelperExtension.cs: 1125 - Retrieving features of type [RefAxis] from 减震器下安装支架-4
2026-10-03 16:14:23,241 INFO  ExportHelperExtension.cs: 1136 - Found 37 in 减震器下安装支架-4
2026-10-03 16:14:23,243 INFO  ExportHelperExtension.cs: 1145 - Found 0 features of type [RefAxis] in 减震器下安装支架-4
2026-10-03 16:14:23,243 INFO  ExportHelperExtension.cs: 1125 - Retrieving features of type [RefAxis] from 减震器-7
2026-10-03 16:14:23,243 INFO  ExportHelperExtension.cs: 1136 - Found 33 in 减震器-7
2026-10-03 16:14:23,243 INFO  ExportHelperExtension.cs: 1145 - Found 0 features of type [RefAxis] in 减震器-7
2026-10-03 16:14:23,244 INFO  ExportHelperExtension.cs: 1125 - Retrieving features of type [RefAxis] from 减震器-10
2026-10-03 16:14:23,244 INFO  ExportHelperExtension.cs: 1136 - Found 33 in 减震器-10
2026-10-03 16:14:23,244 INFO  ExportHelperExtension.cs: 1145 - Found 0 features of type [RefAxis] in 减震器-10
2026-10-03 16:14:23,245 INFO  ExportHelperExtension.cs: 1125 - Retrieving features of type [RefAxis] from 减震器-8
2026-10-03 16:14:23,245 INFO  ExportHelperExtension.cs: 1136 - Found 33 in 减震器-8
2026-10-03 16:14:23,245 INFO  ExportHelperExtension.cs: 1145 - Found 0 features of type [RefAxis] in 减震器-8
2026-10-03 16:14:23,245 INFO  ExportHelperExtension.cs: 1125 - Retrieving features of type [RefAxis] from 减震器-9
2026-10-03 16:14:23,246 INFO  ExportHelperExtension.cs: 1136 - Found 33 in 减震器-9
2026-10-03 16:14:23,246 INFO  ExportHelperExtension.cs: 1145 - Found 0 features of type [RefAxis] in 减震器-9
2026-10-03 16:14:23,246 INFO  ExportHelperExtension.cs: 1125 - Retrieving features of type [RefAxis] from 32X25合页-7
2026-10-03 16:14:23,246 INFO  ExportHelperExtension.cs: 1136 - Found 30 in 32X25合页-7
2026-10-03 16:14:23,247 INFO  ExportHelperExtension.cs: 1145 - Found 0 features of type [RefAxis] in 32X25合页-7
2026-10-03 16:14:23,247 INFO  ExportHelperExtension.cs: 1125 - Retrieving features of type [RefAxis] from 32X25合页-8
2026-10-03 16:14:23,247 INFO  ExportHelperExtension.cs: 1136 - Found 30 in 32X25合页-8
2026-10-03 16:14:23,248 INFO  ExportHelperExtension.cs: 1145 - Found 0 features of type [RefAxis] in 32X25合页-8
2026-10-03 16:14:23,248 INFO  ExportHelperExtension.cs: 1125 - Retrieving features of type [RefAxis] from 32X25合页-6
2026-10-03 16:14:23,248 INFO  ExportHelperExtension.cs: 1136 - Found 30 in 32X25合页-6
2026-10-03 16:14:23,248 INFO  ExportHelperExtension.cs: 1145 - Found 0 features of type [RefAxis] in 32X25合页-6
2026-10-03 16:14:23,638 INFO  SwAddin.cs: 339 - Loading config tree
2026-10-03 16:14:23,641 INFO  ExportPropertyManagerExtension.cs: 520 - Starting new configuration
2026-10-03 16:14:23,646 INFO  SwAddin.cs: 344 - Showing property manager
2026-10-03 16:15:05,344 INFO  ExportPropertyManager.cs: 1036 - OnListboxSelectionChanged called. This method no longer throws an Exception. It just silently does nothing. Ok, except for this logging message
2026-10-03 16:15:35,502 INFO  ExportPropertyManager.cs: 416 - Configuration canceled
2026-10-03 16:15:35,624 INFO  ExportPropertyManager.cs: 1142 - AfterClose called. This method no longer throws an Exception. It just silently does nothing. Ok, except for this logging message
2026-10-03 16:15:50,643 INFO  SwAddin.cs: 294 - Assembly export called for file “zongzhuangtu”FC.SLDASM
2026-10-03 16:15:52,034 INFO  SwAddin.cs: 313 - Saving assembly
2026-10-03 16:15:52,344 INFO  SwAddin.cs: 316 - Opening property manager
2026-10-03 16:15:52,344 INFO  ExportHelperExtension.cs: 1125 - Retrieving features of type [CoordSys] from “zongzhuangtu”FC.SLDASM
2026-10-03 16:15:52,345 INFO  ExportHelperExtension.cs: 1136 - Found 185 in “zongzhuangtu”FC.SLDASM
2026-10-03 16:15:52,345 INFO  ExportHelperExtension.cs: 1145 - Found 0 features of type [CoordSys] in “zongzhuangtu”FC.SLDASM
2026-10-03 16:15:52,346 INFO  ExportHelperExtension.cs: 1148 - Proceeding through assembly components
2026-10-03 16:15:52,346 INFO  ExportHelperExtension.cs: 1160 - 47 components to check
2026-10-03 16:15:52,346 INFO  ExportHelperExtension.cs: 1125 - Retrieving features of type [CoordSys] from 麦轮电机单位-4
2026-10-03 16:15:52,346 INFO  ExportHelperExtension.cs: 1136 - Found 39 in 麦轮电机单位-4
2026-10-03 16:15:52,348 INFO  ExportHelperExtension.cs: 1145 - Found 0 features of type [CoordSys] in 麦轮电机单位-4
2026-10-03 16:15:52,348 INFO  ExportHelperExtension.cs: 1125 - Retrieving features of type [CoordSys] from 32X25合页-5
2026-10-03 16:15:52,348 INFO  ExportHelperExtension.cs: 1136 - Found 30 in 32X25合页-5
2026-10-03 16:15:52,349 INFO  ExportHelperExtension.cs: 1145 - Found 0 features of type [CoordSys] in 32X25合页-5
2026-10-03 16:15:52,349 INFO  ExportHelperExtension.cs: 1125 - Retrieving features of type [CoordSys] from 麦轮电机底板3-3
2026-10-03 16:15:52,349 INFO  ExportHelperExtension.cs: 1136 - Found 36 in 麦轮电机底板3-3
2026-10-03 16:15:52,350 INFO  ExportHelperExtension.cs: 1145 - Found 0 features of type [CoordSys] in 麦轮电机底板3-3
2026-10-03 16:15:52,350 INFO  ExportHelperExtension.cs: 1125 - Retrieving features of type [CoordSys] from 麦轮电机单位-3
2026-10-03 16:15:52,350 INFO  ExportHelperExtension.cs: 1136 - Found 39 in 麦轮电机单位-3
2026-10-03 16:15:52,350 INFO  ExportHelperExtension.cs: 1145 - Found 0 features of type [CoordSys] in 麦轮电机单位-3
2026-10-03 16:15:52,351 INFO  ExportHelperExtension.cs: 1125 - Retrieving features of type [CoordSys] from 麦轮电机底板3-4
2026-10-03 16:15:52,351 INFO  ExportHelperExtension.cs: 1136 - Found 36 in 麦轮电机底板3-4
2026-10-03 16:15:52,351 INFO  ExportHelperExtension.cs: 1145 - Found 0 features of type [CoordSys] in 麦轮电机底板3-4
2026-10-03 16:15:52,352 INFO  ExportHelperExtension.cs: 1125 - Retrieving features of type [CoordSys] from 250mm铝方管3-1
2026-10-03 16:15:52,352 INFO  ExportHelperExtension.cs: 1136 - Found 33 in 250mm铝方管3-1
2026-10-03 16:15:52,352 INFO  ExportHelperExtension.cs: 1145 - Found 0 features of type [CoordSys] in 250mm铝方管3-1
2026-10-03 16:15:52,353 INFO  ExportHelperExtension.cs: 1125 - Retrieving features of type [CoordSys] from 麦轮电机底板3-1
2026-10-03 16:15:52,353 INFO  ExportHelperExtension.cs: 1136 - Found 36 in 麦轮电机底板3-1
2026-10-03 16:15:52,353 INFO  ExportHelperExtension.cs: 1145 - Found 0 features of type [CoordSys] in 麦轮电机底板3-1
2026-10-03 16:15:52,353 INFO  ExportHelperExtension.cs: 1125 - Retrieving features of type [CoordSys] from 麦轮电机单位-1
2026-10-03 16:15:52,354 INFO  ExportHelperExtension.cs: 1136 - Found 39 in 麦轮电机单位-1
2026-10-03 16:15:52,354 INFO  ExportHelperExtension.cs: 1145 - Found 0 features of type [CoordSys] in 麦轮电机单位-1
2026-10-03 16:15:52,354 INFO  ExportHelperExtension.cs: 1125 - Retrieving features of type [CoordSys] from 32X25合页-2
2026-10-03 16:15:52,355 INFO  ExportHelperExtension.cs: 1136 - Found 30 in 32X25合页-2
2026-10-03 16:15:52,355 INFO  ExportHelperExtension.cs: 1145 - Found 0 features of type [CoordSys] in 32X25合页-2
2026-10-03 16:15:52,355 INFO  ExportHelperExtension.cs: 1125 - Retrieving features of type [CoordSys] from 32X25合页-1
2026-10-03 16:15:52,355 INFO  ExportHelperExtension.cs: 1136 - Found 30 in 32X25合页-1
2026-10-03 16:15:52,356 INFO  ExportHelperExtension.cs: 1145 - Found 0 features of type [CoordSys] in 32X25合页-1
2026-10-03 16:15:52,356 INFO  ExportHelperExtension.cs: 1125 - Retrieving features of type [CoordSys] from 32X25合页-3
2026-10-03 16:15:52,356 INFO  ExportHelperExtension.cs: 1136 - Found 30 in 32X25合页-3
2026-10-03 16:15:52,356 INFO  ExportHelperExtension.cs: 1145 - Found 0 features of type [CoordSys] in 32X25合页-3
2026-10-03 16:15:52,357 INFO  ExportHelperExtension.cs: 1125 - Retrieving features of type [CoordSys] from 32X25合页-4
2026-10-03 16:15:52,357 INFO  ExportHelperExtension.cs: 1136 - Found 30 in 32X25合页-4
2026-10-03 16:15:52,357 INFO  ExportHelperExtension.cs: 1145 - Found 0 features of type [CoordSys] in 32X25合页-4
2026-10-03 16:15:52,358 INFO  ExportHelperExtension.cs: 1125 - Retrieving features of type [CoordSys] from 麦轮电机单位-2
2026-10-03 16:15:52,358 INFO  ExportHelperExtension.cs: 1136 - Found 39 in 麦轮电机单位-2
2026-10-03 16:15:52,358 INFO  ExportHelperExtension.cs: 1145 - Found 0 features of type [CoordSys] in 麦轮电机单位-2
2026-10-03 16:15:52,359 INFO  ExportHelperExtension.cs: 1125 - Retrieving features of type [CoordSys] from 250mm铝方管-1
2026-10-03 16:15:52,359 INFO  ExportHelperExtension.cs: 1136 - Found 33 in 250mm铝方管-1
2026-10-03 16:15:52,359 INFO  ExportHelperExtension.cs: 1145 - Found 0 features of type [CoordSys] in 250mm铝方管-1
2026-10-03 16:15:52,360 INFO  ExportHelperExtension.cs: 1125 - Retrieving features of type [CoordSys] from 麦轮电机底板3-2
2026-10-03 16:15:52,360 INFO  ExportHelperExtension.cs: 1136 - Found 36 in 麦轮电机底板3-2
2026-10-03 16:15:52,360 INFO  ExportHelperExtension.cs: 1145 - Found 0 features of type [CoordSys] in 麦轮电机底板3-2
2026-10-03 16:15:52,360 INFO  ExportHelperExtension.cs: 1125 - Retrieving features of type [CoordSys] from 250mm铝方管-2
2026-10-03 16:15:52,361 INFO  ExportHelperExtension.cs: 1136 - Found 33 in 250mm铝方管-2
2026-10-03 16:15:52,361 INFO  ExportHelperExtension.cs: 1145 - Found 0 features of type [CoordSys] in 250mm铝方管-2
2026-10-03 16:15:52,361 INFO  ExportHelperExtension.cs: 1125 - Retrieving features of type [CoordSys] from 450mm铝方管-2
2026-10-03 16:15:52,362 INFO  ExportHelperExtension.cs: 1136 - Found 31 in 450mm铝方管-2
2026-10-03 16:15:52,362 INFO  ExportHelperExtension.cs: 1145 - Found 0 features of type [CoordSys] in 450mm铝方管-2
2026-10-03 16:15:52,362 INFO  ExportHelperExtension.cs: 1125 - Retrieving features of type [CoordSys] from 地面-1
2026-10-03 16:15:52,363 INFO  ExportHelperExtension.cs: 1136 - Found 27 in 地面-1
2026-10-03 16:15:52,365 INFO  ExportHelperExtension.cs: 1145 - Found 0 features of type [CoordSys] in 地面-1
2026-10-03 16:15:52,365 INFO  ExportHelperExtension.cs: 1125 - Retrieving features of type [CoordSys] from 减震器下安装支架-2
2026-10-03 16:15:52,439 INFO  ExportHelperExtension.cs: 1136 - Found 37 in 减震器下安装支架-2
2026-10-03 16:15:52,440 INFO  ExportHelperExtension.cs: 1145 - Found 0 features of type [CoordSys] in 减震器下安装支架-2
2026-10-03 16:15:52,440 INFO  ExportHelperExtension.cs: 1125 - Retrieving features of type [CoordSys] from 250mm铝方管3-2
2026-10-03 16:15:52,440 INFO  ExportHelperExtension.cs: 1136 - Found 33 in 250mm铝方管3-2
2026-10-03 16:15:52,440 INFO  ExportHelperExtension.cs: 1145 - Found 0 features of type [CoordSys] in 250mm铝方管3-2
2026-10-03 16:15:52,441 INFO  ExportHelperExtension.cs: 1125 - Retrieving features of type [CoordSys] from 450mm铝方管-1
2026-10-03 16:15:52,441 INFO  ExportHelperExtension.cs: 1136 - Found 31 in 450mm铝方管-1
2026-10-03 16:15:52,441 INFO  ExportHelperExtension.cs: 1145 - Found 0 features of type [CoordSys] in 450mm铝方管-1
2026-10-03 16:15:52,442 INFO  ExportHelperExtension.cs: 1125 - Retrieving features of type [CoordSys] from 底盘亚克力减震板4-1
2026-10-03 16:15:52,442 INFO  ExportHelperExtension.cs: 1136 - Found 42 in 底盘亚克力减震板4-1
2026-10-03 16:15:52,442 INFO  ExportHelperExtension.cs: 1145 - Found 0 features of type [CoordSys] in 底盘亚克力减震板4-1
2026-10-03 16:15:52,442 INFO  ExportHelperExtension.cs: 1125 - Retrieving features of type [CoordSys] from 底盘亚克力减震板4-2
2026-10-03 16:15:52,443 INFO  ExportHelperExtension.cs: 1136 - Found 42 in 底盘亚克力减震板4-2
2026-10-03 16:15:52,443 INFO  ExportHelperExtension.cs: 1145 - Found 0 features of type [CoordSys] in 底盘亚克力减震板4-2
2026-10-03 16:15:52,443 INFO  ExportHelperExtension.cs: 1125 - Retrieving features of type [CoordSys] from 减震器安装支架上-1
2026-10-03 16:15:52,443 INFO  ExportHelperExtension.cs: 1136 - Found 42 in 减震器安装支架上-1
2026-10-03 16:15:52,445 INFO  ExportHelperExtension.cs: 1145 - Found 0 features of type [CoordSys] in 减震器安装支架上-1
2026-10-03 16:15:52,445 INFO  ExportHelperExtension.cs: 1125 - Retrieving features of type [CoordSys] from 底盘亚克力减震板42-1
2026-10-03 16:15:52,445 INFO  ExportHelperExtension.cs: 1136 - Found 44 in 底盘亚克力减震板42-1
2026-10-03 16:15:52,446 INFO  ExportHelperExtension.cs: 1145 - Found 0 features of type [CoordSys] in 底盘亚克力减震板42-1
2026-10-03 16:15:52,446 INFO  ExportHelperExtension.cs: 1125 - Retrieving features of type [CoordSys] from 减震器下安装支架-1
2026-10-03 16:15:52,446 INFO  ExportHelperExtension.cs: 1136 - Found 37 in 减震器下安装支架-1
2026-10-03 16:15:52,446 INFO  ExportHelperExtension.cs: 1145 - Found 0 features of type [CoordSys] in 减震器下安装支架-1
2026-10-03 16:15:52,447 INFO  ExportHelperExtension.cs: 1125 - Retrieving features of type [CoordSys] from 减震器安装支架上-3
2026-10-03 16:15:52,447 INFO  ExportHelperExtension.cs: 1136 - Found 42 in 减震器安装支架上-3
2026-10-03 16:15:52,447 INFO  ExportHelperExtension.cs: 1145 - Found 0 features of type [CoordSys] in 减震器安装支架上-3
2026-10-03 16:15:52,447 INFO  ExportHelperExtension.cs: 1125 - Retrieving features of type [CoordSys] from 底盘亚克力减震板42-2
2026-10-03 16:15:52,447 INFO  ExportHelperExtension.cs: 1136 - Found 44 in 底盘亚克力减震板42-2
2026-10-03 16:15:52,448 INFO  ExportHelperExtension.cs: 1145 - Found 0 features of type [CoordSys] in 底盘亚克力减震板42-2
2026-10-03 16:15:52,448 INFO  ExportHelperExtension.cs: 1125 - Retrieving features of type [CoordSys] from 减震器下安装支架-3
2026-10-03 16:15:52,448 INFO  ExportHelperExtension.cs: 1136 - Found 37 in 减震器下安装支架-3
2026-10-03 16:15:52,449 INFO  ExportHelperExtension.cs: 1145 - Found 0 features of type [CoordSys] in 减震器下安装支架-3
2026-10-03 16:15:52,449 INFO  ExportHelperExtension.cs: 1125 - Retrieving features of type [CoordSys] from 减震器安装支架上-8
2026-10-03 16:15:52,449 INFO  ExportHelperExtension.cs: 1136 - Found 42 in 减震器安装支架上-8
2026-10-03 16:15:52,450 INFO  ExportHelperExtension.cs: 1145 - Found 0 features of type [CoordSys] in 减震器安装支架上-8
2026-10-03 16:15:52,450 INFO  ExportHelperExtension.cs: 1125 - Retrieving features of type [CoordSys] from 减震器安装支架上-9
2026-10-03 16:15:52,450 INFO  ExportHelperExtension.cs: 1136 - Found 42 in 减震器安装支架上-9
2026-10-03 16:15:52,450 INFO  ExportHelperExtension.cs: 1145 - Found 0 features of type [CoordSys] in 减震器安装支架上-9
2026-10-03 16:15:52,451 INFO  ExportHelperExtension.cs: 1125 - Retrieving features of type [CoordSys] from 减震器安装支架上-5
2026-10-03 16:15:52,451 INFO  ExportHelperExtension.cs: 1136 - Found 42 in 减震器安装支架上-5
2026-10-03 16:15:52,451 INFO  ExportHelperExtension.cs: 1145 - Found 0 features of type [CoordSys] in 减震器安装支架上-5
2026-10-03 16:15:52,452 INFO  ExportHelperExtension.cs: 1125 - Retrieving features of type [CoordSys] from 减震器-5
2026-10-03 16:15:52,452 INFO  ExportHelperExtension.cs: 1136 - Found 33 in 减震器-5
2026-10-03 16:15:52,453 INFO  ExportHelperExtension.cs: 1145 - Found 0 features of type [CoordSys] in 减震器-5
2026-10-03 16:15:52,453 INFO  ExportHelperExtension.cs: 1125 - Retrieving features of type [CoordSys] from 减震器安装支架上-4
2026-10-03 16:15:52,453 INFO  ExportHelperExtension.cs: 1136 - Found 42 in 减震器安装支架上-4
2026-10-03 16:15:52,453 INFO  ExportHelperExtension.cs: 1145 - Found 0 features of type [CoordSys] in 减震器安装支架上-4
2026-10-03 16:15:52,453 INFO  ExportHelperExtension.cs: 1125 - Retrieving features of type [CoordSys] from 减震器-6
2026-10-03 16:15:52,454 INFO  ExportHelperExtension.cs: 1136 - Found 33 in 减震器-6
2026-10-03 16:15:52,454 INFO  ExportHelperExtension.cs: 1145 - Found 0 features of type [CoordSys] in 减震器-6
2026-10-03 16:15:52,455 INFO  ExportHelperExtension.cs: 1125 - Retrieving features of type [CoordSys] from 减震器安装支架上-6
2026-10-03 16:15:52,455 INFO  ExportHelperExtension.cs: 1136 - Found 42 in 减震器安装支架上-6
2026-10-03 16:15:52,455 INFO  ExportHelperExtension.cs: 1145 - Found 0 features of type [CoordSys] in 减震器安装支架上-6
2026-10-03 16:15:52,455 INFO  ExportHelperExtension.cs: 1125 - Retrieving features of type [CoordSys] from 减震器-4
2026-10-03 16:15:52,455 INFO  ExportHelperExtension.cs: 1136 - Found 33 in 减震器-4
2026-10-03 16:15:52,456 INFO  ExportHelperExtension.cs: 1145 - Found 0 features of type [CoordSys] in 减震器-4
2026-10-03 16:15:52,456 INFO  ExportHelperExtension.cs: 1125 - Retrieving features of type [CoordSys] from 减震器-3
2026-10-03 16:15:52,457 INFO  ExportHelperExtension.cs: 1136 - Found 33 in 减震器-3
2026-10-03 16:15:52,457 INFO  ExportHelperExtension.cs: 1145 - Found 0 features of type [CoordSys] in 减震器-3
2026-10-03 16:15:52,457 INFO  ExportHelperExtension.cs: 1125 - Retrieving features of type [CoordSys] from 减震器安装支架上-7
2026-10-03 16:15:52,457 INFO  ExportHelperExtension.cs: 1136 - Found 42 in 减震器安装支架上-7
2026-10-03 16:15:52,458 INFO  ExportHelperExtension.cs: 1145 - Found 0 features of type [CoordSys] in 减震器安装支架上-7
2026-10-03 16:15:52,458 INFO  ExportHelperExtension.cs: 1125 - Retrieving features of type [CoordSys] from 减震器下安装支架-4
2026-10-03 16:15:52,458 INFO  ExportHelperExtension.cs: 1136 - Found 37 in 减震器下安装支架-4
2026-10-03 16:15:52,459 INFO  ExportHelperExtension.cs: 1145 - Found 0 features of type [CoordSys] in 减震器下安装支架-4
2026-10-03 16:15:52,459 INFO  ExportHelperExtension.cs: 1125 - Retrieving features of type [CoordSys] from 减震器-7
2026-10-03 16:15:52,459 INFO  ExportHelperExtension.cs: 1136 - Found 33 in 减震器-7
2026-10-03 16:15:52,460 INFO  ExportHelperExtension.cs: 1145 - Found 0 features of type [CoordSys] in 减震器-7
2026-10-03 16:15:52,460 INFO  ExportHelperExtension.cs: 1125 - Retrieving features of type [CoordSys] from 减震器-10
2026-10-03 16:15:52,460 INFO  ExportHelperExtension.cs: 1136 - Found 33 in 减震器-10
2026-10-03 16:15:52,460 INFO  ExportHelperExtension.cs: 1145 - Found 0 features of type [CoordSys] in 减震器-10
2026-10-03 16:15:52,461 INFO  ExportHelperExtension.cs: 1125 - Retrieving features of type [CoordSys] from 减震器-8
2026-10-03 16:15:52,461 INFO  ExportHelperExtension.cs: 1136 - Found 33 in 减震器-8
2026-10-03 16:15:52,462 INFO  ExportHelperExtension.cs: 1145 - Found 0 features of type [CoordSys] in 减震器-8
2026-10-03 16:15:52,462 INFO  ExportHelperExtension.cs: 1125 - Retrieving features of type [CoordSys] from 减震器-9
2026-10-03 16:15:52,462 INFO  ExportHelperExtension.cs: 1136 - Found 33 in 减震器-9
2026-10-03 16:15:52,462 INFO  ExportHelperExtension.cs: 1145 - Found 0 features of type [CoordSys] in 减震器-9
2026-10-03 16:15:52,462 INFO  ExportHelperExtension.cs: 1125 - Retrieving features of type [CoordSys] from 32X25合页-7
2026-10-03 16:15:52,463 INFO  ExportHelperExtension.cs: 1136 - Found 30 in 32X25合页-7
2026-10-03 16:15:52,463 INFO  ExportHelperExtension.cs: 1145 - Found 0 features of type [CoordSys] in 32X25合页-7
2026-10-03 16:15:52,464 INFO  ExportHelperExtension.cs: 1125 - Retrieving features of type [CoordSys] from 32X25合页-8
2026-10-03 16:15:52,464 INFO  ExportHelperExtension.cs: 1136 - Found 30 in 32X25合页-8
2026-10-03 16:15:52,464 INFO  ExportHelperExtension.cs: 1145 - Found 0 features of type [CoordSys] in 32X25合页-8
2026-10-03 16:15:52,464 INFO  ExportHelperExtension.cs: 1125 - Retrieving features of type [CoordSys] from 32X25合页-6
2026-10-03 16:15:52,464 INFO  ExportHelperExtension.cs: 1136 - Found 30 in 32X25合页-6
2026-10-03 16:15:52,464 INFO  ExportHelperExtension.cs: 1145 - Found 0 features of type [CoordSys] in 32X25合页-6
2026-10-03 16:15:52,465 INFO  ExportHelperExtension.cs: 1125 - Retrieving features of type [RefAxis] from “zongzhuangtu”FC.SLDASM
2026-10-03 16:15:52,466 INFO  ExportHelperExtension.cs: 1136 - Found 185 in “zongzhuangtu”FC.SLDASM
2026-10-03 16:15:52,466 INFO  ExportHelperExtension.cs: 1145 - Found 4 features of type [RefAxis] in “zongzhuangtu”FC.SLDASM
2026-10-03 16:15:52,466 INFO  ExportHelperExtension.cs: 1148 - Proceeding through assembly components
2026-10-03 16:15:52,466 INFO  ExportHelperExtension.cs: 1160 - 47 components to check
2026-10-03 16:15:52,466 INFO  ExportHelperExtension.cs: 1125 - Retrieving features of type [RefAxis] from 麦轮电机单位-4
2026-10-03 16:15:52,467 INFO  ExportHelperExtension.cs: 1136 - Found 39 in 麦轮电机单位-4
2026-10-03 16:15:52,467 INFO  ExportHelperExtension.cs: 1145 - Found 0 features of type [RefAxis] in 麦轮电机单位-4
2026-10-03 16:15:52,467 INFO  ExportHelperExtension.cs: 1125 - Retrieving features of type [RefAxis] from 32X25合页-5
2026-10-03 16:15:52,467 INFO  ExportHelperExtension.cs: 1136 - Found 30 in 32X25合页-5
2026-10-03 16:15:52,468 INFO  ExportHelperExtension.cs: 1145 - Found 0 features of type [RefAxis] in 32X25合页-5
2026-10-03 16:15:52,468 INFO  ExportHelperExtension.cs: 1125 - Retrieving features of type [RefAxis] from 麦轮电机底板3-3
2026-10-03 16:15:52,468 INFO  ExportHelperExtension.cs: 1136 - Found 36 in 麦轮电机底板3-3
2026-10-03 16:15:52,469 INFO  ExportHelperExtension.cs: 1145 - Found 0 features of type [RefAxis] in 麦轮电机底板3-3
2026-10-03 16:15:52,469 INFO  ExportHelperExtension.cs: 1125 - Retrieving features of type [RefAxis] from 麦轮电机单位-3
2026-10-03 16:15:52,469 INFO  ExportHelperExtension.cs: 1136 - Found 39 in 麦轮电机单位-3
2026-10-03 16:15:52,469 INFO  ExportHelperExtension.cs: 1145 - Found 0 features of type [RefAxis] in 麦轮电机单位-3
2026-10-03 16:15:52,470 INFO  ExportHelperExtension.cs: 1125 - Retrieving features of type [RefAxis] from 麦轮电机底板3-4
2026-10-03 16:15:52,470 INFO  ExportHelperExtension.cs: 1136 - Found 36 in 麦轮电机底板3-4
2026-10-03 16:15:52,471 INFO  ExportHelperExtension.cs: 1145 - Found 0 features of type [RefAxis] in 麦轮电机底板3-4
2026-10-03 16:15:52,471 INFO  ExportHelperExtension.cs: 1125 - Retrieving features of type [RefAxis] from 250mm铝方管3-1
2026-10-03 16:15:52,471 INFO  ExportHelperExtension.cs: 1136 - Found 33 in 250mm铝方管3-1
2026-10-03 16:15:52,471 INFO  ExportHelperExtension.cs: 1145 - Found 0 features of type [RefAxis] in 250mm铝方管3-1
2026-10-03 16:15:52,471 INFO  ExportHelperExtension.cs: 1125 - Retrieving features of type [RefAxis] from 麦轮电机底板3-1
2026-10-03 16:15:52,472 INFO  ExportHelperExtension.cs: 1136 - Found 36 in 麦轮电机底板3-1
2026-10-03 16:15:52,472 INFO  ExportHelperExtension.cs: 1145 - Found 0 features of type [RefAxis] in 麦轮电机底板3-1
2026-10-03 16:15:52,473 INFO  ExportHelperExtension.cs: 1125 - Retrieving features of type [RefAxis] from 麦轮电机单位-1
2026-10-03 16:15:52,473 INFO  ExportHelperExtension.cs: 1136 - Found 39 in 麦轮电机单位-1
2026-10-03 16:15:52,473 INFO  ExportHelperExtension.cs: 1145 - Found 0 features of type [RefAxis] in 麦轮电机单位-1
2026-10-03 16:15:52,473 INFO  ExportHelperExtension.cs: 1125 - Retrieving features of type [RefAxis] from 32X25合页-2
2026-10-03 16:15:52,473 INFO  ExportHelperExtension.cs: 1136 - Found 30 in 32X25合页-2
2026-10-03 16:15:52,474 INFO  ExportHelperExtension.cs: 1145 - Found 0 features of type [RefAxis] in 32X25合页-2
2026-10-03 16:15:52,474 INFO  ExportHelperExtension.cs: 1125 - Retrieving features of type [RefAxis] from 32X25合页-1
2026-10-03 16:15:52,475 INFO  ExportHelperExtension.cs: 1136 - Found 30 in 32X25合页-1
2026-10-03 16:15:52,475 INFO  ExportHelperExtension.cs: 1145 - Found 0 features of type [RefAxis] in 32X25合页-1
2026-10-03 16:15:52,475 INFO  ExportHelperExtension.cs: 1125 - Retrieving features of type [RefAxis] from 32X25合页-3
2026-10-03 16:15:52,476 INFO  ExportHelperExtension.cs: 1136 - Found 30 in 32X25合页-3
2026-10-03 16:15:52,476 INFO  ExportHelperExtension.cs: 1145 - Found 0 features of type [RefAxis] in 32X25合页-3
2026-10-03 16:15:52,476 INFO  ExportHelperExtension.cs: 1125 - Retrieving features of type [RefAxis] from 32X25合页-4
2026-10-03 16:15:52,476 INFO  ExportHelperExtension.cs: 1136 - Found 30 in 32X25合页-4
2026-10-03 16:15:52,477 INFO  ExportHelperExtension.cs: 1145 - Found 0 features of type [RefAxis] in 32X25合页-4
2026-10-03 16:15:52,477 INFO  ExportHelperExtension.cs: 1125 - Retrieving features of type [RefAxis] from 麦轮电机单位-2
2026-10-03 16:15:52,477 INFO  ExportHelperExtension.cs: 1136 - Found 39 in 麦轮电机单位-2
2026-10-03 16:15:52,478 INFO  ExportHelperExtension.cs: 1145 - Found 0 features of type [RefAxis] in 麦轮电机单位-2
2026-10-03 16:15:52,478 INFO  ExportHelperExtension.cs: 1125 - Retrieving features of type [RefAxis] from 250mm铝方管-1
2026-10-03 16:15:52,478 INFO  ExportHelperExtension.cs: 1136 - Found 33 in 250mm铝方管-1
2026-10-03 16:15:52,479 INFO  ExportHelperExtension.cs: 1145 - Found 0 features of type [RefAxis] in 250mm铝方管-1
2026-10-03 16:15:52,479 INFO  ExportHelperExtension.cs: 1125 - Retrieving features of type [RefAxis] from 麦轮电机底板3-2
2026-10-03 16:15:52,479 INFO  ExportHelperExtension.cs: 1136 - Found 36 in 麦轮电机底板3-2
2026-10-03 16:15:52,479 INFO  ExportHelperExtension.cs: 1145 - Found 0 features of type [RefAxis] in 麦轮电机底板3-2
2026-10-03 16:15:52,480 INFO  ExportHelperExtension.cs: 1125 - Retrieving features of type [RefAxis] from 250mm铝方管-2
2026-10-03 16:15:52,480 INFO  ExportHelperExtension.cs: 1136 - Found 33 in 250mm铝方管-2
2026-10-03 16:15:52,480 INFO  ExportHelperExtension.cs: 1145 - Found 0 features of type [RefAxis] in 250mm铝方管-2
2026-10-03 16:15:52,480 INFO  ExportHelperExtension.cs: 1125 - Retrieving features of type [RefAxis] from 450mm铝方管-2
2026-10-03 16:15:52,481 INFO  ExportHelperExtension.cs: 1136 - Found 31 in 450mm铝方管-2
2026-10-03 16:15:52,481 INFO  ExportHelperExtension.cs: 1145 - Found 0 features of type [RefAxis] in 450mm铝方管-2
2026-10-03 16:15:52,481 INFO  ExportHelperExtension.cs: 1125 - Retrieving features of type [RefAxis] from 地面-1
2026-10-03 16:15:52,481 INFO  ExportHelperExtension.cs: 1136 - Found 27 in 地面-1
2026-10-03 16:15:52,482 INFO  ExportHelperExtension.cs: 1145 - Found 0 features of type [RefAxis] in 地面-1
2026-10-03 16:15:52,482 INFO  ExportHelperExtension.cs: 1125 - Retrieving features of type [RefAxis] from 减震器下安装支架-2
2026-10-03 16:15:52,482 INFO  ExportHelperExtension.cs: 1136 - Found 37 in 减震器下安装支架-2
2026-10-03 16:15:52,482 INFO  ExportHelperExtension.cs: 1145 - Found 0 features of type [RefAxis] in 减震器下安装支架-2
2026-10-03 16:15:52,482 INFO  ExportHelperExtension.cs: 1125 - Retrieving features of type [RefAxis] from 250mm铝方管3-2
2026-10-03 16:15:52,484 INFO  ExportHelperExtension.cs: 1136 - Found 33 in 250mm铝方管3-2
2026-10-03 16:15:52,484 INFO  ExportHelperExtension.cs: 1145 - Found 0 features of type [RefAxis] in 250mm铝方管3-2
2026-10-03 16:15:52,484 INFO  ExportHelperExtension.cs: 1125 - Retrieving features of type [RefAxis] from 450mm铝方管-1
2026-10-03 16:15:52,485 INFO  ExportHelperExtension.cs: 1136 - Found 31 in 450mm铝方管-1
2026-10-03 16:15:52,485 INFO  ExportHelperExtension.cs: 1145 - Found 0 features of type [RefAxis] in 450mm铝方管-1
2026-10-03 16:15:52,485 INFO  ExportHelperExtension.cs: 1125 - Retrieving features of type [RefAxis] from 底盘亚克力减震板4-1
2026-10-03 16:15:52,485 INFO  ExportHelperExtension.cs: 1136 - Found 42 in 底盘亚克力减震板4-1
2026-10-03 16:15:52,486 INFO  ExportHelperExtension.cs: 1145 - Found 0 features of type [RefAxis] in 底盘亚克力减震板4-1
2026-10-03 16:15:52,488 INFO  ExportHelperExtension.cs: 1125 - Retrieving features of type [RefAxis] from 底盘亚克力减震板4-2
2026-10-03 16:15:52,488 INFO  ExportHelperExtension.cs: 1136 - Found 42 in 底盘亚克力减震板4-2
2026-10-03 16:15:52,489 INFO  ExportHelperExtension.cs: 1145 - Found 0 features of type [RefAxis] in 底盘亚克力减震板4-2
2026-10-03 16:15:52,489 INFO  ExportHelperExtension.cs: 1125 - Retrieving features of type [RefAxis] from 减震器安装支架上-1
2026-10-03 16:15:52,515 INFO  ExportHelperExtension.cs: 1136 - Found 42 in 减震器安装支架上-1
2026-10-03 16:15:52,515 INFO  ExportHelperExtension.cs: 1145 - Found 0 features of type [RefAxis] in 减震器安装支架上-1
2026-10-03 16:15:52,515 INFO  ExportHelperExtension.cs: 1125 - Retrieving features of type [RefAxis] from 底盘亚克力减震板42-1
2026-10-03 16:15:52,516 INFO  ExportHelperExtension.cs: 1136 - Found 44 in 底盘亚克力减震板42-1
2026-10-03 16:15:52,516 INFO  ExportHelperExtension.cs: 1145 - Found 0 features of type [RefAxis] in 底盘亚克力减震板42-1
2026-10-03 16:15:52,516 INFO  ExportHelperExtension.cs: 1125 - Retrieving features of type [RefAxis] from 减震器下安装支架-1
2026-10-03 16:15:52,517 INFO  ExportHelperExtension.cs: 1136 - Found 37 in 减震器下安装支架-1
2026-10-03 16:15:52,517 INFO  ExportHelperExtension.cs: 1145 - Found 0 features of type [RefAxis] in 减震器下安装支架-1
2026-10-03 16:15:52,517 INFO  ExportHelperExtension.cs: 1125 - Retrieving features of type [RefAxis] from 减震器安装支架上-3
2026-10-03 16:15:52,518 INFO  ExportHelperExtension.cs: 1136 - Found 42 in 减震器安装支架上-3
2026-10-03 16:15:52,518 INFO  ExportHelperExtension.cs: 1145 - Found 0 features of type [RefAxis] in 减震器安装支架上-3
2026-10-03 16:15:52,518 INFO  ExportHelperExtension.cs: 1125 - Retrieving features of type [RefAxis] from 底盘亚克力减震板42-2
2026-10-03 16:15:52,518 INFO  ExportHelperExtension.cs: 1136 - Found 44 in 底盘亚克力减震板42-2
2026-10-03 16:15:52,519 INFO  ExportHelperExtension.cs: 1145 - Found 0 features of type [RefAxis] in 底盘亚克力减震板42-2
2026-10-03 16:15:52,519 INFO  ExportHelperExtension.cs: 1125 - Retrieving features of type [RefAxis] from 减震器下安装支架-3
2026-10-03 16:15:52,519 INFO  ExportHelperExtension.cs: 1136 - Found 37 in 减震器下安装支架-3
2026-10-03 16:15:52,519 INFO  ExportHelperExtension.cs: 1145 - Found 0 features of type [RefAxis] in 减震器下安装支架-3
2026-10-03 16:15:52,520 INFO  ExportHelperExtension.cs: 1125 - Retrieving features of type [RefAxis] from 减震器安装支架上-8
2026-10-03 16:15:52,520 INFO  ExportHelperExtension.cs: 1136 - Found 42 in 减震器安装支架上-8
2026-10-03 16:15:52,520 INFO  ExportHelperExtension.cs: 1145 - Found 0 features of type [RefAxis] in 减震器安装支架上-8
2026-10-03 16:15:52,521 INFO  ExportHelperExtension.cs: 1125 - Retrieving features of type [RefAxis] from 减震器安装支架上-9
2026-10-03 16:15:52,521 INFO  ExportHelperExtension.cs: 1136 - Found 42 in 减震器安装支架上-9
2026-10-03 16:15:52,521 INFO  ExportHelperExtension.cs: 1145 - Found 0 features of type [RefAxis] in 减震器安装支架上-9
2026-10-03 16:15:52,521 INFO  ExportHelperExtension.cs: 1125 - Retrieving features of type [RefAxis] from 减震器安装支架上-5
2026-10-03 16:15:52,522 INFO  ExportHelperExtension.cs: 1136 - Found 42 in 减震器安装支架上-5
2026-10-03 16:15:52,522 INFO  ExportHelperExtension.cs: 1145 - Found 0 features of type [RefAxis] in 减震器安装支架上-5
2026-10-03 16:15:52,522 INFO  ExportHelperExtension.cs: 1125 - Retrieving features of type [RefAxis] from 减震器-5
2026-10-03 16:15:52,522 INFO  ExportHelperExtension.cs: 1136 - Found 33 in 减震器-5
2026-10-03 16:15:52,523 INFO  ExportHelperExtension.cs: 1145 - Found 0 features of type [RefAxis] in 减震器-5
2026-10-03 16:15:52,523 INFO  ExportHelperExtension.cs: 1125 - Retrieving features of type [RefAxis] from 减震器安装支架上-4
2026-10-03 16:15:52,523 INFO  ExportHelperExtension.cs: 1136 - Found 42 in 减震器安装支架上-4
2026-10-03 16:15:52,524 INFO  ExportHelperExtension.cs: 1145 - Found 0 features of type [RefAxis] in 减震器安装支架上-4
2026-10-03 16:15:52,524 INFO  ExportHelperExtension.cs: 1125 - Retrieving features of type [RefAxis] from 减震器-6
2026-10-03 16:15:52,524 INFO  ExportHelperExtension.cs: 1136 - Found 33 in 减震器-6
2026-10-03 16:15:52,524 INFO  ExportHelperExtension.cs: 1145 - Found 0 features of type [RefAxis] in 减震器-6
2026-10-03 16:15:52,525 INFO  ExportHelperExtension.cs: 1125 - Retrieving features of type [RefAxis] from 减震器安装支架上-6
2026-10-03 16:15:52,525 INFO  ExportHelperExtension.cs: 1136 - Found 42 in 减震器安装支架上-6
2026-10-03 16:15:52,525 INFO  ExportHelperExtension.cs: 1145 - Found 0 features of type [RefAxis] in 减震器安装支架上-6
2026-10-03 16:15:52,526 INFO  ExportHelperExtension.cs: 1125 - Retrieving features of type [RefAxis] from 减震器-4
2026-10-03 16:15:52,526 INFO  ExportHelperExtension.cs: 1136 - Found 33 in 减震器-4
2026-10-03 16:15:52,526 INFO  ExportHelperExtension.cs: 1145 - Found 0 features of type [RefAxis] in 减震器-4
2026-10-03 16:15:52,526 INFO  ExportHelperExtension.cs: 1125 - Retrieving features of type [RefAxis] from 减震器-3
2026-10-03 16:15:52,527 INFO  ExportHelperExtension.cs: 1136 - Found 33 in 减震器-3
2026-10-03 16:15:52,527 INFO  ExportHelperExtension.cs: 1145 - Found 0 features of type [RefAxis] in 减震器-3
2026-10-03 16:15:52,527 INFO  ExportHelperExtension.cs: 1125 - Retrieving features of type [RefAxis] from 减震器安装支架上-7
2026-10-03 16:15:52,527 INFO  ExportHelperExtension.cs: 1136 - Found 42 in 减震器安装支架上-7
2026-10-03 16:15:52,527 INFO  ExportHelperExtension.cs: 1145 - Found 0 features of type [RefAxis] in 减震器安装支架上-7
2026-10-03 16:15:52,528 INFO  ExportHelperExtension.cs: 1125 - Retrieving features of type [RefAxis] from 减震器下安装支架-4
2026-10-03 16:15:52,528 INFO  ExportHelperExtension.cs: 1136 - Found 37 in 减震器下安装支架-4
2026-10-03 16:15:52,528 INFO  ExportHelperExtension.cs: 1145 - Found 0 features of type [RefAxis] in 减震器下安装支架-4
2026-10-03 16:15:52,528 INFO  ExportHelperExtension.cs: 1125 - Retrieving features of type [RefAxis] from 减震器-7
2026-10-03 16:15:52,529 INFO  ExportHelperExtension.cs: 1136 - Found 33 in 减震器-7
2026-10-03 16:15:52,529 INFO  ExportHelperExtension.cs: 1145 - Found 0 features of type [RefAxis] in 减震器-7
2026-10-03 16:15:52,529 INFO  ExportHelperExtension.cs: 1125 - Retrieving features of type [RefAxis] from 减震器-10
2026-10-03 16:15:52,530 INFO  ExportHelperExtension.cs: 1136 - Found 33 in 减震器-10
2026-10-03 16:15:52,530 INFO  ExportHelperExtension.cs: 1145 - Found 0 features of type [RefAxis] in 减震器-10
2026-10-03 16:15:52,530 INFO  ExportHelperExtension.cs: 1125 - Retrieving features of type [RefAxis] from 减震器-8
2026-10-03 16:15:52,530 INFO  ExportHelperExtension.cs: 1136 - Found 33 in 减震器-8
2026-10-03 16:15:52,531 INFO  ExportHelperExtension.cs: 1145 - Found 0 features of type [RefAxis] in 减震器-8
2026-10-03 16:15:52,531 INFO  ExportHelperExtension.cs: 1125 - Retrieving features of type [RefAxis] from 减震器-9
2026-10-03 16:15:52,531 INFO  ExportHelperExtension.cs: 1136 - Found 33 in 减震器-9
2026-10-03 16:15:52,531 INFO  ExportHelperExtension.cs: 1145 - Found 0 features of type [RefAxis] in 减震器-9
2026-10-03 16:15:52,531 INFO  ExportHelperExtension.cs: 1125 - Retrieving features of type [RefAxis] from 32X25合页-7
2026-10-03 16:15:52,532 INFO  ExportHelperExtension.cs: 1136 - Found 30 in 32X25合页-7
2026-10-03 16:15:52,532 INFO  ExportHelperExtension.cs: 1145 - Found 0 features of type [RefAxis] in 32X25合页-7
2026-10-03 16:15:52,532 INFO  ExportHelperExtension.cs: 1125 - Retrieving features of type [RefAxis] from 32X25合页-8
2026-10-03 16:15:52,532 INFO  ExportHelperExtension.cs: 1136 - Found 30 in 32X25合页-8
2026-10-03 16:15:52,534 INFO  ExportHelperExtension.cs: 1145 - Found 0 features of type [RefAxis] in 32X25合页-8
2026-10-03 16:15:52,534 INFO  ExportHelperExtension.cs: 1125 - Retrieving features of type [RefAxis] from 32X25合页-6
2026-10-03 16:15:52,534 INFO  ExportHelperExtension.cs: 1136 - Found 30 in 32X25合页-6
2026-10-03 16:15:52,534 INFO  ExportHelperExtension.cs: 1145 - Found 0 features of type [RefAxis] in 32X25合页-6
2026-10-03 16:15:52,617 INFO  SwAddin.cs: 339 - Loading config tree
2026-10-03 16:15:52,617 INFO  ExportPropertyManagerExtension.cs: 520 - Starting new configuration
2026-10-03 16:15:52,620 INFO  SwAddin.cs: 344 - Showing property manager
2026-10-03 16:16:07,999 INFO  ExportPropertyManager.cs: 416 - Configuration canceled
2026-10-03 16:16:08,060 INFO  ExportPropertyManager.cs: 1142 - AfterClose called. This method no longer throws an Exception. It just silently does nothing. Ok, except for this logging message
2026-10-03 16:16:12,328 INFO  SwAddin.cs: 294 - Assembly export called for file “zongzhuangtu”FC.SLDASM
2026-10-03 16:16:14,126 INFO  SwAddin.cs: 313 - Saving assembly
2026-10-03 16:16:14,468 INFO  SwAddin.cs: 316 - Opening property manager
2026-10-03 16:16:14,468 INFO  ExportHelperExtension.cs: 1125 - Retrieving features of type [CoordSys] from “zongzhuangtu”FC.SLDASM
2026-10-03 16:16:14,469 INFO  ExportHelperExtension.cs: 1136 - Found 185 in “zongzhuangtu”FC.SLDASM
2026-10-03 16:16:14,469 INFO  ExportHelperExtension.cs: 1145 - Found 0 features of type [CoordSys] in “zongzhuangtu”FC.SLDASM
2026-10-03 16:16:14,469 INFO  ExportHelperExtension.cs: 1148 - Proceeding through assembly components
2026-10-03 16:16:14,470 INFO  ExportHelperExtension.cs: 1160 - 47 components to check
2026-10-03 16:16:14,470 INFO  ExportHelperExtension.cs: 1125 - Retrieving features of type [CoordSys] from 麦轮电机单位-4
2026-10-03 16:16:14,470 INFO  ExportHelperExtension.cs: 1136 - Found 39 in 麦轮电机单位-4
2026-10-03 16:16:14,470 INFO  ExportHelperExtension.cs: 1145 - Found 0 features of type [CoordSys] in 麦轮电机单位-4
2026-10-03 16:16:14,471 INFO  ExportHelperExtension.cs: 1125 - Retrieving features of type [CoordSys] from 32X25合页-5
2026-10-03 16:16:14,471 INFO  ExportHelperExtension.cs: 1136 - Found 30 in 32X25合页-5
2026-10-03 16:16:14,471 INFO  ExportHelperExtension.cs: 1145 - Found 0 features of type [CoordSys] in 32X25合页-5
2026-10-03 16:16:14,472 INFO  ExportHelperExtension.cs: 1125 - Retrieving features of type [CoordSys] from 麦轮电机底板3-3
2026-10-03 16:16:14,472 INFO  ExportHelperExtension.cs: 1136 - Found 36 in 麦轮电机底板3-3
2026-10-03 16:16:14,472 INFO  ExportHelperExtension.cs: 1145 - Found 0 features of type [CoordSys] in 麦轮电机底板3-3
2026-10-03 16:16:14,472 INFO  ExportHelperExtension.cs: 1125 - Retrieving features of type [CoordSys] from 麦轮电机单位-3
2026-10-03 16:16:14,473 INFO  ExportHelperExtension.cs: 1136 - Found 39 in 麦轮电机单位-3
2026-10-03 16:16:14,473 INFO  ExportHelperExtension.cs: 1145 - Found 0 features of type [CoordSys] in 麦轮电机单位-3
2026-10-03 16:16:14,473 INFO  ExportHelperExtension.cs: 1125 - Retrieving features of type [CoordSys] from 麦轮电机底板3-4
2026-10-03 16:16:14,473 INFO  ExportHelperExtension.cs: 1136 - Found 36 in 麦轮电机底板3-4
2026-10-03 16:16:14,474 INFO  ExportHelperExtension.cs: 1145 - Found 0 features of type [CoordSys] in 麦轮电机底板3-4
2026-10-03 16:16:14,474 INFO  ExportHelperExtension.cs: 1125 - Retrieving features of type [CoordSys] from 250mm铝方管3-1
2026-10-03 16:16:14,474 INFO  ExportHelperExtension.cs: 1136 - Found 33 in 250mm铝方管3-1
2026-10-03 16:16:14,475 INFO  ExportHelperExtension.cs: 1145 - Found 0 features of type [CoordSys] in 250mm铝方管3-1
2026-10-03 16:16:14,475 INFO  ExportHelperExtension.cs: 1125 - Retrieving features of type [CoordSys] from 麦轮电机底板3-1
2026-10-03 16:16:14,475 INFO  ExportHelperExtension.cs: 1136 - Found 36 in 麦轮电机底板3-1
2026-10-03 16:16:14,475 INFO  ExportHelperExtension.cs: 1145 - Found 0 features of type [CoordSys] in 麦轮电机底板3-1
2026-10-03 16:16:14,476 INFO  ExportHelperExtension.cs: 1125 - Retrieving features of type [CoordSys] from 麦轮电机单位-1
2026-10-03 16:16:14,476 INFO  ExportHelperExtension.cs: 1136 - Found 39 in 麦轮电机单位-1
2026-10-03 16:16:14,476 INFO  ExportHelperExtension.cs: 1145 - Found 0 features of type [CoordSys] in 麦轮电机单位-1
2026-10-03 16:16:14,477 INFO  ExportHelperExtension.cs: 1125 - Retrieving features of type [CoordSys] from 32X25合页-2
2026-10-03 16:16:14,477 INFO  ExportHelperExtension.cs: 1136 - Found 30 in 32X25合页-2
2026-10-03 16:16:14,477 INFO  ExportHelperExtension.cs: 1145 - Found 0 features of type [CoordSys] in 32X25合页-2
2026-10-03 16:16:14,477 INFO  ExportHelperExtension.cs: 1125 - Retrieving features of type [CoordSys] from 32X25合页-1
2026-10-03 16:16:14,478 INFO  ExportHelperExtension.cs: 1136 - Found 30 in 32X25合页-1
2026-10-03 16:16:14,478 INFO  ExportHelperExtension.cs: 1145 - Found 0 features of type [CoordSys] in 32X25合页-1
2026-10-03 16:16:14,478 INFO  ExportHelperExtension.cs: 1125 - Retrieving features of type [CoordSys] from 32X25合页-3
2026-10-03 16:16:14,479 INFO  ExportHelperExtension.cs: 1136 - Found 30 in 32X25合页-3
2026-10-03 16:16:14,479 INFO  ExportHelperExtension.cs: 1145 - Found 0 features of type [CoordSys] in 32X25合页-3
2026-10-03 16:16:14,479 INFO  ExportHelperExtension.cs: 1125 - Retrieving features of type [CoordSys] from 32X25合页-4
2026-10-03 16:16:14,479 INFO  ExportHelperExtension.cs: 1136 - Found 30 in 32X25合页-4
2026-10-03 16:16:14,479 INFO  ExportHelperExtension.cs: 1145 - Found 0 features of type [CoordSys] in 32X25合页-4
2026-10-03 16:16:14,480 INFO  ExportHelperExtension.cs: 1125 - Retrieving features of type [CoordSys] from 麦轮电机单位-2
2026-10-03 16:16:14,480 INFO  ExportHelperExtension.cs: 1136 - Found 39 in 麦轮电机单位-2
2026-10-03 16:16:14,480 INFO  ExportHelperExtension.cs: 1145 - Found 0 features of type [CoordSys] in 麦轮电机单位-2
2026-10-03 16:16:14,481 INFO  ExportHelperExtension.cs: 1125 - Retrieving features of type [CoordSys] from 250mm铝方管-1
2026-10-03 16:16:14,481 INFO  ExportHelperExtension.cs: 1136 - Found 33 in 250mm铝方管-1
2026-10-03 16:16:14,481 INFO  ExportHelperExtension.cs: 1145 - Found 0 features of type [CoordSys] in 250mm铝方管-1
2026-10-03 16:16:14,482 INFO  ExportHelperExtension.cs: 1125 - Retrieving features of type [CoordSys] from 麦轮电机底板3-2
2026-10-03 16:16:14,482 INFO  ExportHelperExtension.cs: 1136 - Found 36 in 麦轮电机底板3-2
2026-10-03 16:16:14,482 INFO  ExportHelperExtension.cs: 1145 - Found 0 features of type [CoordSys] in 麦轮电机底板3-2
2026-10-03 16:16:14,482 INFO  ExportHelperExtension.cs: 1125 - Retrieving features of type [CoordSys] from 250mm铝方管-2
2026-10-03 16:16:14,483 INFO  ExportHelperExtension.cs: 1136 - Found 33 in 250mm铝方管-2
2026-10-03 16:16:14,483 INFO  ExportHelperExtension.cs: 1145 - Found 0 features of type [CoordSys] in 250mm铝方管-2
2026-10-03 16:16:14,483 INFO  ExportHelperExtension.cs: 1125 - Retrieving features of type [CoordSys] from 450mm铝方管-2
2026-10-03 16:16:14,484 INFO  ExportHelperExtension.cs: 1136 - Found 31 in 450mm铝方管-2
2026-10-03 16:16:14,484 INFO  ExportHelperExtension.cs: 1145 - Found 0 features of type [CoordSys] in 450mm铝方管-2
2026-10-03 16:16:14,484 INFO  ExportHelperExtension.cs: 1125 - Retrieving features of type [CoordSys] from 地面-1
2026-10-03 16:16:14,484 INFO  ExportHelperExtension.cs: 1136 - Found 27 in 地面-1
2026-10-03 16:16:14,485 INFO  ExportHelperExtension.cs: 1145 - Found 0 features of type [CoordSys] in 地面-1
2026-10-03 16:16:14,485 INFO  ExportHelperExtension.cs: 1125 - Retrieving features of type [CoordSys] from 减震器下安装支架-2
2026-10-03 16:16:14,485 INFO  ExportHelperExtension.cs: 1136 - Found 37 in 减震器下安装支架-2
2026-10-03 16:16:14,486 INFO  ExportHelperExtension.cs: 1145 - Found 0 features of type [CoordSys] in 减震器下安装支架-2
2026-10-03 16:16:14,486 INFO  ExportHelperExtension.cs: 1125 - Retrieving features of type [CoordSys] from 250mm铝方管3-2
2026-10-03 16:16:14,486 INFO  ExportHelperExtension.cs: 1136 - Found 33 in 250mm铝方管3-2
2026-10-03 16:16:14,486 INFO  ExportHelperExtension.cs: 1145 - Found 0 features of type [CoordSys] in 250mm铝方管3-2
2026-10-03 16:16:14,487 INFO  ExportHelperExtension.cs: 1125 - Retrieving features of type [CoordSys] from 450mm铝方管-1
2026-10-03 16:16:14,487 INFO  ExportHelperExtension.cs: 1136 - Found 31 in 450mm铝方管-1
2026-10-03 16:16:14,487 INFO  ExportHelperExtension.cs: 1145 - Found 0 features of type [CoordSys] in 450mm铝方管-1
2026-10-03 16:16:14,488 INFO  ExportHelperExtension.cs: 1125 - Retrieving features of type [CoordSys] from 底盘亚克力减震板4-1
2026-10-03 16:16:14,488 INFO  ExportHelperExtension.cs: 1136 - Found 42 in 底盘亚克力减震板4-1
2026-10-03 16:16:14,488 INFO  ExportHelperExtension.cs: 1145 - Found 0 features of type [CoordSys] in 底盘亚克力减震板4-1
2026-10-03 16:16:14,488 INFO  ExportHelperExtension.cs: 1125 - Retrieving features of type [CoordSys] from 底盘亚克力减震板4-2
2026-10-03 16:16:14,489 INFO  ExportHelperExtension.cs: 1136 - Found 42 in 底盘亚克力减震板4-2
2026-10-03 16:16:14,489 INFO  ExportHelperExtension.cs: 1145 - Found 0 features of type [CoordSys] in 底盘亚克力减震板4-2
2026-10-03 16:16:14,489 INFO  ExportHelperExtension.cs: 1125 - Retrieving features of type [CoordSys] from 减震器安装支架上-1
2026-10-03 16:16:14,556 INFO  ExportHelperExtension.cs: 1136 - Found 42 in 减震器安装支架上-1
2026-10-03 16:16:14,557 INFO  ExportHelperExtension.cs: 1145 - Found 0 features of type [CoordSys] in 减震器安装支架上-1
2026-10-03 16:16:14,557 INFO  ExportHelperExtension.cs: 1125 - Retrieving features of type [CoordSys] from 底盘亚克力减震板42-1
2026-10-03 16:16:14,558 INFO  ExportHelperExtension.cs: 1136 - Found 44 in 底盘亚克力减震板42-1
2026-10-03 16:16:14,558 INFO  ExportHelperExtension.cs: 1145 - Found 0 features of type [CoordSys] in 底盘亚克力减震板42-1
2026-10-03 16:16:14,558 INFO  ExportHelperExtension.cs: 1125 - Retrieving features of type [CoordSys] from 减震器下安装支架-1
2026-10-03 16:16:14,559 INFO  ExportHelperExtension.cs: 1136 - Found 37 in 减震器下安装支架-1
2026-10-03 16:16:14,559 INFO  ExportHelperExtension.cs: 1145 - Found 0 features of type [CoordSys] in 减震器下安装支架-1
2026-10-03 16:16:14,559 INFO  ExportHelperExtension.cs: 1125 - Retrieving features of type [CoordSys] from 减震器安装支架上-3
2026-10-03 16:16:14,559 INFO  ExportHelperExtension.cs: 1136 - Found 42 in 减震器安装支架上-3
2026-10-03 16:16:14,560 INFO  ExportHelperExtension.cs: 1145 - Found 0 features of type [CoordSys] in 减震器安装支架上-3
2026-10-03 16:16:14,560 INFO  ExportHelperExtension.cs: 1125 - Retrieving features of type [CoordSys] from 底盘亚克力减震板42-2
2026-10-03 16:16:14,560 INFO  ExportHelperExtension.cs: 1136 - Found 44 in 底盘亚克力减震板42-2
2026-10-03 16:16:14,561 INFO  ExportHelperExtension.cs: 1145 - Found 0 features of type [CoordSys] in 底盘亚克力减震板42-2
2026-10-03 16:16:14,561 INFO  ExportHelperExtension.cs: 1125 - Retrieving features of type [CoordSys] from 减震器下安装支架-3
2026-10-03 16:16:14,561 INFO  ExportHelperExtension.cs: 1136 - Found 37 in 减震器下安装支架-3
2026-10-03 16:16:14,561 INFO  ExportHelperExtension.cs: 1145 - Found 0 features of type [CoordSys] in 减震器下安装支架-3
2026-10-03 16:16:14,562 INFO  ExportHelperExtension.cs: 1125 - Retrieving features of type [CoordSys] from 减震器安装支架上-8
2026-10-03 16:16:14,562 INFO  ExportHelperExtension.cs: 1136 - Found 42 in 减震器安装支架上-8
2026-10-03 16:16:14,562 INFO  ExportHelperExtension.cs: 1145 - Found 0 features of type [CoordSys] in 减震器安装支架上-8
2026-10-03 16:16:14,563 INFO  ExportHelperExtension.cs: 1125 - Retrieving features of type [CoordSys] from 减震器安装支架上-9
2026-10-03 16:16:14,563 INFO  ExportHelperExtension.cs: 1136 - Found 42 in 减震器安装支架上-9
2026-10-03 16:16:14,563 INFO  ExportHelperExtension.cs: 1145 - Found 0 features of type [CoordSys] in 减震器安装支架上-9
2026-10-03 16:16:14,563 INFO  ExportHelperExtension.cs: 1125 - Retrieving features of type [CoordSys] from 减震器安装支架上-5
2026-10-03 16:16:14,564 INFO  ExportHelperExtension.cs: 1136 - Found 42 in 减震器安装支架上-5
2026-10-03 16:16:14,564 INFO  ExportHelperExtension.cs: 1145 - Found 0 features of type [CoordSys] in 减震器安装支架上-5
2026-10-03 16:16:14,564 INFO  ExportHelperExtension.cs: 1125 - Retrieving features of type [CoordSys] from 减震器-5
2026-10-03 16:16:14,565 INFO  ExportHelperExtension.cs: 1136 - Found 33 in 减震器-5
2026-10-03 16:16:14,565 INFO  ExportHelperExtension.cs: 1145 - Found 0 features of type [CoordSys] in 减震器-5
2026-10-03 16:16:14,565 INFO  ExportHelperExtension.cs: 1125 - Retrieving features of type [CoordSys] from 减震器安装支架上-4
2026-10-03 16:16:14,566 INFO  ExportHelperExtension.cs: 1136 - Found 42 in 减震器安装支架上-4
2026-10-03 16:16:14,566 INFO  ExportHelperExtension.cs: 1145 - Found 0 features of type [CoordSys] in 减震器安装支架上-4
2026-10-03 16:16:14,566 INFO  ExportHelperExtension.cs: 1125 - Retrieving features of type [CoordSys] from 减震器-6
2026-10-03 16:16:14,566 INFO  ExportHelperExtension.cs: 1136 - Found 33 in 减震器-6
2026-10-03 16:16:14,567 INFO  ExportHelperExtension.cs: 1145 - Found 0 features of type [CoordSys] in 减震器-6
2026-10-03 16:16:14,567 INFO  ExportHelperExtension.cs: 1125 - Retrieving features of type [CoordSys] from 减震器安装支架上-6
2026-10-03 16:16:14,567 INFO  ExportHelperExtension.cs: 1136 - Found 42 in 减震器安装支架上-6
2026-10-03 16:16:14,568 INFO  ExportHelperExtension.cs: 1145 - Found 0 features of type [CoordSys] in 减震器安装支架上-6
2026-10-03 16:16:14,568 INFO  ExportHelperExtension.cs: 1125 - Retrieving features of type [CoordSys] from 减震器-4
2026-10-03 16:16:14,568 INFO  ExportHelperExtension.cs: 1136 - Found 33 in 减震器-4
2026-10-03 16:16:14,568 INFO  ExportHelperExtension.cs: 1145 - Found 0 features of type [CoordSys] in 减震器-4
2026-10-03 16:16:14,569 INFO  ExportHelperExtension.cs: 1125 - Retrieving features of type [CoordSys] from 减震器-3
2026-10-03 16:16:14,569 INFO  ExportHelperExtension.cs: 1136 - Found 33 in 减震器-3
2026-10-03 16:16:14,569 INFO  ExportHelperExtension.cs: 1145 - Found 0 features of type [CoordSys] in 减震器-3
2026-10-03 16:16:14,570 INFO  ExportHelperExtension.cs: 1125 - Retrieving features of type [CoordSys] from 减震器安装支架上-7
2026-10-03 16:16:14,570 INFO  ExportHelperExtension.cs: 1136 - Found 42 in 减震器安装支架上-7
2026-10-03 16:16:14,570 INFO  ExportHelperExtension.cs: 1145 - Found 0 features of type [CoordSys] in 减震器安装支架上-7
2026-10-03 16:16:14,570 INFO  ExportHelperExtension.cs: 1125 - Retrieving features of type [CoordSys] from 减震器下安装支架-4
2026-10-03 16:16:14,571 INFO  ExportHelperExtension.cs: 1136 - Found 37 in 减震器下安装支架-4
2026-10-03 16:16:14,571 INFO  ExportHelperExtension.cs: 1145 - Found 0 features of type [CoordSys] in 减震器下安装支架-4
2026-10-03 16:16:14,571 INFO  ExportHelperExtension.cs: 1125 - Retrieving features of type [CoordSys] from 减震器-7
2026-10-03 16:16:14,572 INFO  ExportHelperExtension.cs: 1136 - Found 33 in 减震器-7
2026-10-03 16:16:14,572 INFO  ExportHelperExtension.cs: 1145 - Found 0 features of type [CoordSys] in 减震器-7
2026-10-03 16:16:14,572 INFO  ExportHelperExtension.cs: 1125 - Retrieving features of type [CoordSys] from 减震器-10
2026-10-03 16:16:14,572 INFO  ExportHelperExtension.cs: 1136 - Found 33 in 减震器-10
2026-10-03 16:16:14,573 INFO  ExportHelperExtension.cs: 1145 - Found 0 features of type [CoordSys] in 减震器-10
2026-10-03 16:16:14,573 INFO  ExportHelperExtension.cs: 1125 - Retrieving features of type [CoordSys] from 减震器-8
2026-10-03 16:16:14,573 INFO  ExportHelperExtension.cs: 1136 - Found 33 in 减震器-8
2026-10-03 16:16:14,574 INFO  ExportHelperExtension.cs: 1145 - Found 0 features of type [CoordSys] in 减震器-8
2026-10-03 16:16:14,574 INFO  ExportHelperExtension.cs: 1125 - Retrieving features of type [CoordSys] from 减震器-9
2026-10-03 16:16:14,574 INFO  ExportHelperExtension.cs: 1136 - Found 33 in 减震器-9
2026-10-03 16:16:14,574 INFO  ExportHelperExtension.cs: 1145 - Found 0 features of type [CoordSys] in 减震器-9
2026-10-03 16:16:14,575 INFO  ExportHelperExtension.cs: 1125 - Retrieving features of type [CoordSys] from 32X25合页-7
2026-10-03 16:16:14,575 INFO  ExportHelperExtension.cs: 1136 - Found 30 in 32X25合页-7
2026-10-03 16:16:14,575 INFO  ExportHelperExtension.cs: 1145 - Found 0 features of type [CoordSys] in 32X25合页-7
2026-10-03 16:16:14,576 INFO  ExportHelperExtension.cs: 1125 - Retrieving features of type [CoordSys] from 32X25合页-8
2026-10-03 16:16:14,576 INFO  ExportHelperExtension.cs: 1136 - Found 30 in 32X25合页-8
2026-10-03 16:16:14,576 INFO  ExportHelperExtension.cs: 1145 - Found 0 features of type [CoordSys] in 32X25合页-8
2026-10-03 16:16:14,576 INFO  ExportHelperExtension.cs: 1125 - Retrieving features of type [CoordSys] from 32X25合页-6
2026-10-03 16:16:14,577 INFO  ExportHelperExtension.cs: 1136 - Found 30 in 32X25合页-6
2026-10-03 16:16:14,577 INFO  ExportHelperExtension.cs: 1145 - Found 0 features of type [CoordSys] in 32X25合页-6
2026-10-03 16:16:14,577 INFO  ExportHelperExtension.cs: 1125 - Retrieving features of type [RefAxis] from “zongzhuangtu”FC.SLDASM
2026-10-03 16:16:14,578 INFO  ExportHelperExtension.cs: 1136 - Found 185 in “zongzhuangtu”FC.SLDASM
2026-10-03 16:16:14,578 INFO  ExportHelperExtension.cs: 1145 - Found 4 features of type [RefAxis] in “zongzhuangtu”FC.SLDASM
2026-10-03 16:16:14,579 INFO  ExportHelperExtension.cs: 1148 - Proceeding through assembly components
2026-10-03 16:16:14,579 INFO  ExportHelperExtension.cs: 1160 - 47 components to check
2026-10-03 16:16:14,579 INFO  ExportHelperExtension.cs: 1125 - Retrieving features of type [RefAxis] from 麦轮电机单位-4
2026-10-03 16:16:14,579 INFO  ExportHelperExtension.cs: 1136 - Found 39 in 麦轮电机单位-4
2026-10-03 16:16:14,580 INFO  ExportHelperExtension.cs: 1145 - Found 0 features of type [RefAxis] in 麦轮电机单位-4
2026-10-03 16:16:14,580 INFO  ExportHelperExtension.cs: 1125 - Retrieving features of type [RefAxis] from 32X25合页-5
2026-10-03 16:16:14,580 INFO  ExportHelperExtension.cs: 1136 - Found 30 in 32X25合页-5
2026-10-03 16:16:14,581 INFO  ExportHelperExtension.cs: 1145 - Found 0 features of type [RefAxis] in 32X25合页-5
2026-10-03 16:16:14,581 INFO  ExportHelperExtension.cs: 1125 - Retrieving features of type [RefAxis] from 麦轮电机底板3-3
2026-10-03 16:16:14,581 INFO  ExportHelperExtension.cs: 1136 - Found 36 in 麦轮电机底板3-3
2026-10-03 16:16:14,582 INFO  ExportHelperExtension.cs: 1145 - Found 0 features of type [RefAxis] in 麦轮电机底板3-3
2026-10-03 16:16:14,582 INFO  ExportHelperExtension.cs: 1125 - Retrieving features of type [RefAxis] from 麦轮电机单位-3
2026-10-03 16:16:14,582 INFO  ExportHelperExtension.cs: 1136 - Found 39 in 麦轮电机单位-3
2026-10-03 16:16:14,582 INFO  ExportHelperExtension.cs: 1145 - Found 0 features of type [RefAxis] in 麦轮电机单位-3
2026-10-03 16:16:14,583 INFO  ExportHelperExtension.cs: 1125 - Retrieving features of type [RefAxis] from 麦轮电机底板3-4
2026-10-03 16:16:14,583 INFO  ExportHelperExtension.cs: 1136 - Found 36 in 麦轮电机底板3-4
2026-10-03 16:16:14,583 INFO  ExportHelperExtension.cs: 1145 - Found 0 features of type [RefAxis] in 麦轮电机底板3-4
2026-10-03 16:16:14,584 INFO  ExportHelperExtension.cs: 1125 - Retrieving features of type [RefAxis] from 250mm铝方管3-1
2026-10-03 16:16:14,584 INFO  ExportHelperExtension.cs: 1136 - Found 33 in 250mm铝方管3-1
2026-10-03 16:16:14,584 INFO  ExportHelperExtension.cs: 1145 - Found 0 features of type [RefAxis] in 250mm铝方管3-1
2026-10-03 16:16:14,584 INFO  ExportHelperExtension.cs: 1125 - Retrieving features of type [RefAxis] from 麦轮电机底板3-1
2026-10-03 16:16:14,585 INFO  ExportHelperExtension.cs: 1136 - Found 36 in 麦轮电机底板3-1
2026-10-03 16:16:14,585 INFO  ExportHelperExtension.cs: 1145 - Found 0 features of type [RefAxis] in 麦轮电机底板3-1
2026-10-03 16:16:14,585 INFO  ExportHelperExtension.cs: 1125 - Retrieving features of type [RefAxis] from 麦轮电机单位-1
2026-10-03 16:16:14,586 INFO  ExportHelperExtension.cs: 1136 - Found 39 in 麦轮电机单位-1
2026-10-03 16:16:14,586 INFO  ExportHelperExtension.cs: 1145 - Found 0 features of type [RefAxis] in 麦轮电机单位-1
2026-10-03 16:16:14,586 INFO  ExportHelperExtension.cs: 1125 - Retrieving features of type [RefAxis] from 32X25合页-2
2026-10-03 16:16:14,586 INFO  ExportHelperExtension.cs: 1136 - Found 30 in 32X25合页-2
2026-10-03 16:16:14,587 INFO  ExportHelperExtension.cs: 1145 - Found 0 features of type [RefAxis] in 32X25合页-2
2026-10-03 16:16:14,587 INFO  ExportHelperExtension.cs: 1125 - Retrieving features of type [RefAxis] from 32X25合页-1
2026-10-03 16:16:14,587 INFO  ExportHelperExtension.cs: 1136 - Found 30 in 32X25合页-1
2026-10-03 16:16:14,588 INFO  ExportHelperExtension.cs: 1145 - Found 0 features of type [RefAxis] in 32X25合页-1
2026-10-03 16:16:14,588 INFO  ExportHelperExtension.cs: 1125 - Retrieving features of type [RefAxis] from 32X25合页-3
2026-10-03 16:16:14,588 INFO  ExportHelperExtension.cs: 1136 - Found 30 in 32X25合页-3
2026-10-03 16:16:14,588 INFO  ExportHelperExtension.cs: 1145 - Found 0 features of type [RefAxis] in 32X25合页-3
2026-10-03 16:16:14,589 INFO  ExportHelperExtension.cs: 1125 - Retrieving features of type [RefAxis] from 32X25合页-4
2026-10-03 16:16:14,589 INFO  ExportHelperExtension.cs: 1136 - Found 30 in 32X25合页-4
2026-10-03 16:16:14,589 INFO  ExportHelperExtension.cs: 1145 - Found 0 features of type [RefAxis] in 32X25合页-4
2026-10-03 16:16:14,589 INFO  ExportHelperExtension.cs: 1125 - Retrieving features of type [RefAxis] from 麦轮电机单位-2
2026-10-03 16:16:14,590 INFO  ExportHelperExtension.cs: 1136 - Found 39 in 麦轮电机单位-2
2026-10-03 16:16:14,590 INFO  ExportHelperExtension.cs: 1145 - Found 0 features of type [RefAxis] in 麦轮电机单位-2
2026-10-03 16:16:14,590 INFO  ExportHelperExtension.cs: 1125 - Retrieving features of type [RefAxis] from 250mm铝方管-1
2026-10-03 16:16:14,591 INFO  ExportHelperExtension.cs: 1136 - Found 33 in 250mm铝方管-1
2026-10-03 16:16:14,591 INFO  ExportHelperExtension.cs: 1145 - Found 0 features of type [RefAxis] in 250mm铝方管-1
2026-10-03 16:16:14,591 INFO  ExportHelperExtension.cs: 1125 - Retrieving features of type [RefAxis] from 麦轮电机底板3-2
2026-10-03 16:16:14,591 INFO  ExportHelperExtension.cs: 1136 - Found 36 in 麦轮电机底板3-2
2026-10-03 16:16:14,592 INFO  ExportHelperExtension.cs: 1145 - Found 0 features of type [RefAxis] in 麦轮电机底板3-2
2026-10-03 16:16:14,592 INFO  ExportHelperExtension.cs: 1125 - Retrieving features of type [RefAxis] from 250mm铝方管-2
2026-10-03 16:16:14,592 INFO  ExportHelperExtension.cs: 1136 - Found 33 in 250mm铝方管-2
2026-10-03 16:16:14,593 INFO  ExportHelperExtension.cs: 1145 - Found 0 features of type [RefAxis] in 250mm铝方管-2
2026-10-03 16:16:14,593 INFO  ExportHelperExtension.cs: 1125 - Retrieving features of type [RefAxis] from 450mm铝方管-2
2026-10-03 16:16:14,593 INFO  ExportHelperExtension.cs: 1136 - Found 31 in 450mm铝方管-2
2026-10-03 16:16:14,593 INFO  ExportHelperExtension.cs: 1145 - Found 0 features of type [RefAxis] in 450mm铝方管-2
2026-10-03 16:16:14,594 INFO  ExportHelperExtension.cs: 1125 - Retrieving features of type [RefAxis] from 地面-1
2026-10-03 16:16:14,594 INFO  ExportHelperExtension.cs: 1136 - Found 27 in 地面-1
2026-10-03 16:16:14,594 INFO  ExportHelperExtension.cs: 1145 - Found 0 features of type [RefAxis] in 地面-1
2026-10-03 16:16:14,595 INFO  ExportHelperExtension.cs: 1125 - Retrieving features of type [RefAxis] from 减震器下安装支架-2
2026-10-03 16:16:14,595 INFO  ExportHelperExtension.cs: 1136 - Found 37 in 减震器下安装支架-2
2026-10-03 16:16:14,595 INFO  ExportHelperExtension.cs: 1145 - Found 0 features of type [RefAxis] in 减震器下安装支架-2
2026-10-03 16:16:14,596 INFO  ExportHelperExtension.cs: 1125 - Retrieving features of type [RefAxis] from 250mm铝方管3-2
2026-10-03 16:16:14,596 INFO  ExportHelperExtension.cs: 1136 - Found 33 in 250mm铝方管3-2
2026-10-03 16:16:14,596 INFO  ExportHelperExtension.cs: 1145 - Found 0 features of type [RefAxis] in 250mm铝方管3-2
2026-10-03 16:16:14,596 INFO  ExportHelperExtension.cs: 1125 - Retrieving features of type [RefAxis] from 450mm铝方管-1
2026-10-03 16:16:14,597 INFO  ExportHelperExtension.cs: 1136 - Found 31 in 450mm铝方管-1
2026-10-03 16:16:14,597 INFO  ExportHelperExtension.cs: 1145 - Found 0 features of type [RefAxis] in 450mm铝方管-1
2026-10-03 16:16:14,597 INFO  ExportHelperExtension.cs: 1125 - Retrieving features of type [RefAxis] from 底盘亚克力减震板4-1
2026-10-03 16:16:14,598 INFO  ExportHelperExtension.cs: 1136 - Found 42 in 底盘亚克力减震板4-1
2026-10-03 16:16:14,598 INFO  ExportHelperExtension.cs: 1145 - Found 0 features of type [RefAxis] in 底盘亚克力减震板4-1
2026-10-03 16:16:14,598 INFO  ExportHelperExtension.cs: 1125 - Retrieving features of type [RefAxis] from 底盘亚克力减震板4-2
2026-10-03 16:16:14,598 INFO  ExportHelperExtension.cs: 1136 - Found 42 in 底盘亚克力减震板4-2
2026-10-03 16:16:14,599 INFO  ExportHelperExtension.cs: 1145 - Found 0 features of type [RefAxis] in 底盘亚克力减震板4-2
2026-10-03 16:16:14,599 INFO  ExportHelperExtension.cs: 1125 - Retrieving features of type [RefAxis] from 减震器安装支架上-1
2026-10-03 16:16:14,599 INFO  ExportHelperExtension.cs: 1136 - Found 42 in 减震器安装支架上-1
2026-10-03 16:16:14,600 INFO  ExportHelperExtension.cs: 1145 - Found 0 features of type [RefAxis] in 减震器安装支架上-1
2026-10-03 16:16:14,600 INFO  ExportHelperExtension.cs: 1125 - Retrieving features of type [RefAxis] from 底盘亚克力减震板42-1
2026-10-03 16:16:14,600 INFO  ExportHelperExtension.cs: 1136 - Found 44 in 底盘亚克力减震板42-1
2026-10-03 16:16:14,600 INFO  ExportHelperExtension.cs: 1145 - Found 0 features of type [RefAxis] in 底盘亚克力减震板42-1
2026-10-03 16:16:14,601 INFO  ExportHelperExtension.cs: 1125 - Retrieving features of type [RefAxis] from 减震器下安装支架-1
2026-10-03 16:16:14,601 INFO  ExportHelperExtension.cs: 1136 - Found 37 in 减震器下安装支架-1
2026-10-03 16:16:14,601 INFO  ExportHelperExtension.cs: 1145 - Found 0 features of type [RefAxis] in 减震器下安装支架-1
2026-10-03 16:16:14,601 INFO  ExportHelperExtension.cs: 1125 - Retrieving features of type [RefAxis] from 减震器安装支架上-3
2026-10-03 16:16:14,602 INFO  ExportHelperExtension.cs: 1136 - Found 42 in 减震器安装支架上-3
2026-10-03 16:16:14,602 INFO  ExportHelperExtension.cs: 1145 - Found 0 features of type [RefAxis] in 减震器安装支架上-3
2026-10-03 16:16:14,602 INFO  ExportHelperExtension.cs: 1125 - Retrieving features of type [RefAxis] from 底盘亚克力减震板42-2
2026-10-03 16:16:14,621 INFO  ExportHelperExtension.cs: 1136 - Found 44 in 底盘亚克力减震板42-2
2026-10-03 16:16:14,621 INFO  ExportHelperExtension.cs: 1145 - Found 0 features of type [RefAxis] in 底盘亚克力减震板42-2
2026-10-03 16:16:14,621 INFO  ExportHelperExtension.cs: 1125 - Retrieving features of type [RefAxis] from 减震器下安装支架-3
2026-10-03 16:16:14,622 INFO  ExportHelperExtension.cs: 1136 - Found 37 in 减震器下安装支架-3
2026-10-03 16:16:14,622 INFO  ExportHelperExtension.cs: 1145 - Found 0 features of type [RefAxis] in 减震器下安装支架-3
2026-10-03 16:16:14,622 INFO  ExportHelperExtension.cs: 1125 - Retrieving features of type [RefAxis] from 减震器安装支架上-8
2026-10-03 16:16:14,623 INFO  ExportHelperExtension.cs: 1136 - Found 42 in 减震器安装支架上-8
2026-10-03 16:16:14,623 INFO  ExportHelperExtension.cs: 1145 - Found 0 features of type [RefAxis] in 减震器安装支架上-8
2026-10-03 16:16:14,623 INFO  ExportHelperExtension.cs: 1125 - Retrieving features of type [RefAxis] from 减震器安装支架上-9
2026-10-03 16:16:14,623 INFO  ExportHelperExtension.cs: 1136 - Found 42 in 减震器安装支架上-9
2026-10-03 16:16:14,624 INFO  ExportHelperExtension.cs: 1145 - Found 0 features of type [RefAxis] in 减震器安装支架上-9
2026-10-03 16:16:14,624 INFO  ExportHelperExtension.cs: 1125 - Retrieving features of type [RefAxis] from 减震器安装支架上-5
2026-10-03 16:16:14,624 INFO  ExportHelperExtension.cs: 1136 - Found 42 in 减震器安装支架上-5
2026-10-03 16:16:14,625 INFO  ExportHelperExtension.cs: 1145 - Found 0 features of type [RefAxis] in 减震器安装支架上-5
2026-10-03 16:16:14,625 INFO  ExportHelperExtension.cs: 1125 - Retrieving features of type [RefAxis] from 减震器-5
2026-10-03 16:16:14,625 INFO  ExportHelperExtension.cs: 1136 - Found 33 in 减震器-5
2026-10-03 16:16:14,625 INFO  ExportHelperExtension.cs: 1145 - Found 0 features of type [RefAxis] in 减震器-5
2026-10-03 16:16:14,626 INFO  ExportHelperExtension.cs: 1125 - Retrieving features of type [RefAxis] from 减震器安装支架上-4
2026-10-03 16:16:14,626 INFO  ExportHelperExtension.cs: 1136 - Found 42 in 减震器安装支架上-4
2026-10-03 16:16:14,626 INFO  ExportHelperExtension.cs: 1145 - Found 0 features of type [RefAxis] in 减震器安装支架上-4
2026-10-03 16:16:14,626 INFO  ExportHelperExtension.cs: 1125 - Retrieving features of type [RefAxis] from 减震器-6
2026-10-03 16:16:14,627 INFO  ExportHelperExtension.cs: 1136 - Found 33 in 减震器-6
2026-10-03 16:16:14,627 INFO  ExportHelperExtension.cs: 1145 - Found 0 features of type [RefAxis] in 减震器-6
2026-10-03 16:16:14,627 INFO  ExportHelperExtension.cs: 1125 - Retrieving features of type [RefAxis] from 减震器安装支架上-6
2026-10-03 16:16:14,627 INFO  ExportHelperExtension.cs: 1136 - Found 42 in 减震器安装支架上-6
2026-10-03 16:16:14,628 INFO  ExportHelperExtension.cs: 1145 - Found 0 features of type [RefAxis] in 减震器安装支架上-6
2026-10-03 16:16:14,628 INFO  ExportHelperExtension.cs: 1125 - Retrieving features of type [RefAxis] from 减震器-4
2026-10-03 16:16:14,628 INFO  ExportHelperExtension.cs: 1136 - Found 33 in 减震器-4
2026-10-03 16:16:14,629 INFO  ExportHelperExtension.cs: 1145 - Found 0 features of type [RefAxis] in 减震器-4
2026-10-03 16:16:14,629 INFO  ExportHelperExtension.cs: 1125 - Retrieving features of type [RefAxis] from 减震器-3
2026-10-03 16:16:14,629 INFO  ExportHelperExtension.cs: 1136 - Found 33 in 减震器-3
2026-10-03 16:16:14,629 INFO  ExportHelperExtension.cs: 1145 - Found 0 features of type [RefAxis] in 减震器-3
2026-10-03 16:16:14,630 INFO  ExportHelperExtension.cs: 1125 - Retrieving features of type [RefAxis] from 减震器安装支架上-7
2026-10-03 16:16:14,630 INFO  ExportHelperExtension.cs: 1136 - Found 42 in 减震器安装支架上-7
2026-10-03 16:16:14,630 INFO  ExportHelperExtension.cs: 1145 - Found 0 features of type [RefAxis] in 减震器安装支架上-7
2026-10-03 16:16:14,630 INFO  ExportHelperExtension.cs: 1125 - Retrieving features of type [RefAxis] from 减震器下安装支架-4
2026-10-03 16:16:14,631 INFO  ExportHelperExtension.cs: 1136 - Found 37 in 减震器下安装支架-4
2026-10-03 16:16:14,631 INFO  ExportHelperExtension.cs: 1145 - Found 0 features of type [RefAxis] in 减震器下安装支架-4
2026-10-03 16:16:14,631 INFO  ExportHelperExtension.cs: 1125 - Retrieving features of type [RefAxis] from 减震器-7
2026-10-03 16:16:14,631 INFO  ExportHelperExtension.cs: 1136 - Found 33 in 减震器-7
2026-10-03 16:16:14,632 INFO  ExportHelperExtension.cs: 1145 - Found 0 features of type [RefAxis] in 减震器-7
2026-10-03 16:16:14,632 INFO  ExportHelperExtension.cs: 1125 - Retrieving features of type [RefAxis] from 减震器-10
2026-10-03 16:16:14,632 INFO  ExportHelperExtension.cs: 1136 - Found 33 in 减震器-10
2026-10-03 16:16:14,632 INFO  ExportHelperExtension.cs: 1145 - Found 0 features of type [RefAxis] in 减震器-10
2026-10-03 16:16:14,633 INFO  ExportHelperExtension.cs: 1125 - Retrieving features of type [RefAxis] from 减震器-8
2026-10-03 16:16:14,633 INFO  ExportHelperExtension.cs: 1136 - Found 33 in 减震器-8
2026-10-03 16:16:14,634 INFO  ExportHelperExtension.cs: 1145 - Found 0 features of type [RefAxis] in 减震器-8
2026-10-03 16:16:14,634 INFO  ExportHelperExtension.cs: 1125 - Retrieving features of type [RefAxis] from 减震器-9
2026-10-03 16:16:14,634 INFO  ExportHelperExtension.cs: 1136 - Found 33 in 减震器-9
2026-10-03 16:16:14,634 INFO  ExportHelperExtension.cs: 1145 - Found 0 features of type [RefAxis] in 减震器-9
2026-10-03 16:16:14,635 INFO  ExportHelperExtension.cs: 1125 - Retrieving features of type [RefAxis] from 32X25合页-7
2026-10-03 16:16:14,635 INFO  ExportHelperExtension.cs: 1136 - Found 30 in 32X25合页-7
2026-10-03 16:16:14,635 INFO  ExportHelperExtension.cs: 1145 - Found 0 features of type [RefAxis] in 32X25合页-7
2026-10-03 16:16:14,635 INFO  ExportHelperExtension.cs: 1125 - Retrieving features of type [RefAxis] from 32X25合页-8
2026-10-03 16:16:14,636 INFO  ExportHelperExtension.cs: 1136 - Found 30 in 32X25合页-8
2026-10-03 16:16:14,636 INFO  ExportHelperExtension.cs: 1145 - Found 0 features of type [RefAxis] in 32X25合页-8
2026-10-03 16:16:14,636 INFO  ExportHelperExtension.cs: 1125 - Retrieving features of type [RefAxis] from 32X25合页-6
2026-10-03 16:16:14,636 INFO  ExportHelperExtension.cs: 1136 - Found 30 in 32X25合页-6
2026-10-03 16:16:14,637 INFO  ExportHelperExtension.cs: 1145 - Found 0 features of type [RefAxis] in 32X25合页-6
2026-10-03 16:16:14,709 INFO  SwAddin.cs: 339 - Loading config tree
2026-10-03 16:16:14,711 INFO  ExportPropertyManagerExtension.cs: 520 - Starting new configuration
2026-10-03 16:16:14,713 INFO  SwAddin.cs: 344 - Showing property manager
2026-10-03 16:16:55,208 INFO  ExportPropertyManager.cs: 1036 - OnListboxSelectionChanged called. This method no longer throws an Exception. It just silently does nothing. Ok, except for this logging message
2026-10-03 16:16:55,904 INFO  ExportPropertyManager.cs: 1036 - OnListboxSelectionChanged called. This method no longer throws an Exception. It just silently does nothing. Ok, except for this logging message
2026-10-03 16:17:00,800 INFO  ExportPropertyManager.cs: 1036 - OnListboxSelectionChanged called. This method no longer throws an Exception. It just silently does nothing. Ok, except for this logging message
2026-10-03 16:17:30,129 INFO  ExportPropertyManager.cs: 1036 - OnListboxSelectionChanged called. This method no longer throws an Exception. It just silently does nothing. Ok, except for this logging message
2026-10-03 16:17:50,224 INFO  ExportPropertyManager.cs: 1036 - OnListboxSelectionChanged called. This method no longer throws an Exception. It just silently does nothing. Ok, except for this logging message
2026-10-03 16:17:53,592 INFO  ExportPropertyManager.cs: 1036 - OnListboxSelectionChanged called. This method no longer throws an Exception. It just silently does nothing. Ok, except for this logging message
2026-10-03 16:18:09,559 INFO  ExportPropertyManager.cs: 1036 - OnListboxSelectionChanged called. This method no longer throws an Exception. It just silently does nothing. Ok, except for this logging message
2026-10-03 16:18:36,714 INFO  ExportPropertyManager.cs: 1136 - OnNumberBoxTrackingCompleted called. This method no longer throws an Exception. It just silently does nothing. Ok, except for this logging message
2026-10-03 16:18:37,425 INFO  ExportPropertyManager.cs: 1136 - OnNumberBoxTrackingCompleted called. This method no longer throws an Exception. It just silently does nothing. Ok, except for this logging message
2026-10-03 16:18:37,922 INFO  ExportPropertyManager.cs: 1136 - OnNumberBoxTrackingCompleted called. This method no longer throws an Exception. It just silently does nothing. Ok, except for this logging message
2026-10-03 16:18:38,374 INFO  ExportPropertyManager.cs: 1136 - OnNumberBoxTrackingCompleted called. This method no longer throws an Exception. It just silently does nothing. Ok, except for this logging message
2026-10-03 16:20:46,065 INFO  ExportPropertyManager.cs: 422 - Configuration saved
2026-10-03 16:20:49,932 INFO  ExportHelperExtension.cs: 347 - Creating joint Link1
2026-10-03 16:20:49,936 INFO  ExportHelperExtension.cs: 1405 - Fixing components for base_link
2026-10-03 16:20:49,937 INFO  ExportHelperExtension.cs: 1410 - Fixing 74
2026-10-03 16:20:49,937 INFO  ExportHelperExtension.cs: 1410 - Fixing 76
2026-10-03 16:20:49,938 INFO  ExportHelperExtension.cs: 1410 - Fixing 75
2026-10-03 16:20:49,938 INFO  ExportHelperExtension.cs: 1410 - Fixing 893
2026-10-03 16:20:49,938 INFO  ExportHelperExtension.cs: 1410 - Fixing 888
2026-10-03 16:20:49,938 INFO  ExportHelperExtension.cs: 1410 - Fixing 898
2026-10-03 16:20:49,939 INFO  ExportHelperExtension.cs: 1410 - Fixing 883
2026-10-03 16:20:49,939 INFO  ExportHelperExtension.cs: 1410 - Fixing 706
2026-10-03 16:20:49,939 INFO  ExportHelperExtension.cs: 1410 - Fixing 679
2026-10-03 16:20:49,939 INFO  ExportHelperExtension.cs: 1410 - Fixing 426
2026-10-03 16:20:49,939 INFO  ExportHelperExtension.cs: 1410 - Fixing 442
2026-10-03 16:20:49,940 INFO  ExportHelperExtension.cs: 1410 - Fixing 675
2026-10-03 16:20:49,940 INFO  ExportHelperExtension.cs: 1410 - Fixing 456
2026-10-03 16:20:49,940 INFO  ExportHelperExtension.cs: 1410 - Fixing 355
2026-10-03 16:20:49,940 INFO  ExportHelperExtension.cs: 1410 - Fixing 448
2026-10-03 16:20:49,941 INFO  ExportHelperExtension.cs: 1410 - Fixing 415
2026-10-03 16:20:49,941 INFO  ExportHelperExtension.cs: 1410 - Fixing 875
2026-10-03 16:20:49,941 INFO  ExportHelperExtension.cs: 1410 - Fixing 736
2026-10-03 16:20:49,941 INFO  ExportHelperExtension.cs: 1410 - Fixing 698
2026-10-03 16:20:49,941 INFO  ExportHelperExtension.cs: 1410 - Fixing 461
2026-10-03 16:20:49,942 INFO  ExportHelperExtension.cs: 1410 - Fixing 186
2026-10-03 16:20:49,942 INFO  ExportHelperExtension.cs: 1410 - Fixing 165
2026-10-03 16:20:49,942 INFO  ExportHelperExtension.cs: 1410 - Fixing 343
2026-10-03 16:20:49,942 INFO  ExportHelperExtension.cs: 1410 - Fixing 175
2026-10-03 16:20:49,942 INFO  ExportHelperExtension.cs: 1410 - Fixing 98
2026-10-03 16:20:49,942 INFO  ExportHelperExtension.cs: 1410 - Fixing 94
2026-10-03 16:20:49,943 INFO  ExportHelperExtension.cs: 1410 - Fixing 82
2026-10-03 16:20:49,943 INFO  ExportHelperExtension.cs: 1410 - Fixing 77
2026-10-03 16:20:49,943 INFO  ExportHelperExtension.cs: 1410 - Fixing 347
2026-10-03 16:20:49,943 INFO  ExportHelperExtension.cs: 1410 - Fixing 86
2026-10-03 16:20:49,943 INFO  ExportHelperExtension.cs: 1410 - Fixing 63
2026-10-03 16:20:49,944 INFO  ExportHelperExtension.cs: 1410 - Fixing 42
2026-10-03 16:20:49,944 INFO  ExportHelperExtension.cs: 1410 - Fixing 60
2026-10-03 16:20:49,944 INFO  ExportHelperExtension.cs: 1410 - Fixing 45
2026-10-03 16:20:49,944 INFO  ExportHelperExtension.cs: 1410 - Fixing 44
2026-10-03 16:20:49,946 INFO  ExportHelperExtension.cs: 1410 - Fixing 28
2026-10-03 16:20:49,946 INFO  ExportHelperExtension.cs: 1410 - Fixing 29
2026-10-03 16:20:49,946 INFO  ExportHelperExtension.cs: 1410 - Fixing 23
2026-10-03 16:20:49,946 INFO  ExportHelperExtension.cs: 1417 - Component 23 is already fixed
2026-10-03 16:20:49,946 INFO  ExportHelperExtension.cs: 1410 - Fixing 36
2026-10-03 16:20:49,947 INFO  ExportHelperExtension.cs: 1410 - Fixing 71
2026-10-03 16:20:49,947 INFO  ExportHelperExtension.cs: 1410 - Fixing 69
2026-10-03 16:20:49,947 INFO  ExportHelperExtension.cs: 1410 - Fixing 73
2026-10-03 16:20:49,947 INFO  ExportHelperExtension.cs: 1410 - Fixing 22
2026-10-03 16:20:49,948 INFO  ExportHelperExtension.cs: 1410 - Fixing 23
2026-10-03 16:20:49,948 INFO  ExportHelperExtension.cs: 1410 - Fixing 22
2026-10-03 16:20:49,948 INFO  ExportHelperExtension.cs: 1410 - Fixing 23
2026-10-03 16:20:49,948 INFO  ExportHelperExtension.cs: 1410 - Fixing 22
2026-10-03 16:20:49,948 INFO  ExportHelperExtension.cs: 1410 - Fixing 23
2026-10-03 16:20:49,948 INFO  ExportHelperExtension.cs: 1410 - Fixing 22
2026-10-03 16:20:49,949 INFO  ExportHelperExtension.cs: 1410 - Fixing 23
2026-10-03 16:20:52,655 INFO  ExportHelperExtension.cs: 832 - R1: 0, 0
2026-10-03 16:20:52,656 INFO  ExportHelperExtension.cs: 841 - R2: 0, 0
2026-10-03 16:20:52,656 INFO  ExportHelperExtension.cs: 849 - L1: 0
2026-10-03 16:20:52,656 INFO  ExportHelperExtension.cs: 857 - L2: 0
2026-10-03 16:20:52,670 INFO  ExportHelperExtension.cs: 1360 - Unfixing component 74
2026-10-03 16:20:52,670 INFO  ExportHelperExtension.cs: 1360 - Unfixing component 76
2026-10-03 16:20:52,670 INFO  ExportHelperExtension.cs: 1360 - Unfixing component 75
2026-10-03 16:20:52,671 INFO  ExportHelperExtension.cs: 1360 - Unfixing component 893
2026-10-03 16:20:52,671 INFO  ExportHelperExtension.cs: 1360 - Unfixing component 888
2026-10-03 16:20:52,671 INFO  ExportHelperExtension.cs: 1360 - Unfixing component 898
2026-10-03 16:20:52,674 INFO  ExportHelperExtension.cs: 1360 - Unfixing component 883
2026-10-03 16:20:52,674 INFO  ExportHelperExtension.cs: 1360 - Unfixing component 706
2026-10-03 16:20:52,675 INFO  ExportHelperExtension.cs: 1360 - Unfixing component 679
2026-10-03 16:20:52,675 INFO  ExportHelperExtension.cs: 1360 - Unfixing component 426
2026-10-03 16:20:52,676 INFO  ExportHelperExtension.cs: 1360 - Unfixing component 442
2026-10-03 16:20:52,676 INFO  ExportHelperExtension.cs: 1360 - Unfixing component 675
2026-10-03 16:20:52,676 INFO  ExportHelperExtension.cs: 1360 - Unfixing component 456
2026-10-03 16:20:52,676 INFO  ExportHelperExtension.cs: 1360 - Unfixing component 355
2026-10-03 16:20:52,677 INFO  ExportHelperExtension.cs: 1360 - Unfixing component 448
2026-10-03 16:20:52,677 INFO  ExportHelperExtension.cs: 1360 - Unfixing component 415
2026-10-03 16:20:52,677 INFO  ExportHelperExtension.cs: 1360 - Unfixing component 875
2026-10-03 16:20:52,677 INFO  ExportHelperExtension.cs: 1360 - Unfixing component 736
2026-10-03 16:20:52,678 INFO  ExportHelperExtension.cs: 1360 - Unfixing component 698
2026-10-03 16:20:52,678 INFO  ExportHelperExtension.cs: 1360 - Unfixing component 461
2026-10-03 16:20:52,678 INFO  ExportHelperExtension.cs: 1360 - Unfixing component 186
2026-10-03 16:20:52,678 INFO  ExportHelperExtension.cs: 1360 - Unfixing component 165
2026-10-03 16:20:52,679 INFO  ExportHelperExtension.cs: 1360 - Unfixing component 343
2026-10-03 16:20:52,679 INFO  ExportHelperExtension.cs: 1360 - Unfixing component 175
2026-10-03 16:20:52,679 INFO  ExportHelperExtension.cs: 1360 - Unfixing component 98
2026-10-03 16:20:52,679 INFO  ExportHelperExtension.cs: 1360 - Unfixing component 94
2026-10-03 16:20:52,680 INFO  ExportHelperExtension.cs: 1360 - Unfixing component 82
2026-10-03 16:20:52,680 INFO  ExportHelperExtension.cs: 1360 - Unfixing component 77
2026-10-03 16:20:52,680 INFO  ExportHelperExtension.cs: 1360 - Unfixing component 347
2026-10-03 16:20:52,680 INFO  ExportHelperExtension.cs: 1360 - Unfixing component 86
2026-10-03 16:20:52,681 INFO  ExportHelperExtension.cs: 1360 - Unfixing component 63
2026-10-03 16:20:52,681 INFO  ExportHelperExtension.cs: 1360 - Unfixing component 42
2026-10-03 16:20:52,681 INFO  ExportHelperExtension.cs: 1360 - Unfixing component 60
2026-10-03 16:20:52,681 INFO  ExportHelperExtension.cs: 1360 - Unfixing component 45
2026-10-03 16:20:52,681 INFO  ExportHelperExtension.cs: 1360 - Unfixing component 44
2026-10-03 16:20:52,682 INFO  ExportHelperExtension.cs: 1360 - Unfixing component 28
2026-10-03 16:20:52,682 INFO  ExportHelperExtension.cs: 1360 - Unfixing component 29
2026-10-03 16:20:52,682 INFO  ExportHelperExtension.cs: 1360 - Unfixing component 36
2026-10-03 16:20:52,682 INFO  ExportHelperExtension.cs: 1360 - Unfixing component 71
2026-10-03 16:20:52,683 INFO  ExportHelperExtension.cs: 1360 - Unfixing component 69
2026-10-03 16:20:52,683 INFO  ExportHelperExtension.cs: 1360 - Unfixing component 73
2026-10-03 16:20:52,683 INFO  ExportHelperExtension.cs: 1360 - Unfixing component 22
2026-10-03 16:20:52,683 INFO  ExportHelperExtension.cs: 1360 - Unfixing component 23
2026-10-03 16:20:52,684 INFO  ExportHelperExtension.cs: 1360 - Unfixing component 22
2026-10-03 16:20:52,684 INFO  ExportHelperExtension.cs: 1360 - Unfixing component 23
2026-10-03 16:20:52,684 INFO  ExportHelperExtension.cs: 1360 - Unfixing component 22
2026-10-03 16:20:52,684 INFO  ExportHelperExtension.cs: 1360 - Unfixing component 23
2026-10-03 16:20:52,685 INFO  ExportHelperExtension.cs: 1360 - Unfixing component 22
2026-10-03 16:20:52,685 INFO  ExportHelperExtension.cs: 1360 - Unfixing component 23
2026-10-03 16:20:58,185 WARN  ExportHelperExtension.cs: 351 - Creating joint from parent base_link to child Link1 failed
2026-10-03 16:20:58,741 INFO  ExportHelperExtension.cs: 347 - Creating joint Link2
2026-10-03 16:20:58,742 INFO  ExportHelperExtension.cs: 1405 - Fixing components for base_link
2026-10-03 16:20:58,742 INFO  ExportHelperExtension.cs: 1410 - Fixing 74
2026-10-03 16:20:58,742 INFO  ExportHelperExtension.cs: 1410 - Fixing 76
2026-10-03 16:20:58,743 INFO  ExportHelperExtension.cs: 1410 - Fixing 75
2026-10-03 16:20:58,743 INFO  ExportHelperExtension.cs: 1410 - Fixing 893
2026-10-03 16:20:58,743 INFO  ExportHelperExtension.cs: 1410 - Fixing 888
2026-10-03 16:20:58,743 INFO  ExportHelperExtension.cs: 1410 - Fixing 898
2026-10-03 16:20:58,743 INFO  ExportHelperExtension.cs: 1410 - Fixing 883
2026-10-03 16:20:58,744 INFO  ExportHelperExtension.cs: 1410 - Fixing 706
2026-10-03 16:20:58,744 INFO  ExportHelperExtension.cs: 1410 - Fixing 679
2026-10-03 16:20:58,744 INFO  ExportHelperExtension.cs: 1410 - Fixing 426
2026-10-03 16:20:58,744 INFO  ExportHelperExtension.cs: 1410 - Fixing 442
2026-10-03 16:20:58,744 INFO  ExportHelperExtension.cs: 1410 - Fixing 675
2026-10-03 16:20:58,746 INFO  ExportHelperExtension.cs: 1410 - Fixing 456
2026-10-03 16:20:58,746 INFO  ExportHelperExtension.cs: 1410 - Fixing 355
2026-10-03 16:20:58,746 INFO  ExportHelperExtension.cs: 1410 - Fixing 448
2026-10-03 16:20:58,746 INFO  ExportHelperExtension.cs: 1410 - Fixing 415
2026-10-03 16:20:58,746 INFO  ExportHelperExtension.cs: 1410 - Fixing 875
2026-10-03 16:20:58,747 INFO  ExportHelperExtension.cs: 1410 - Fixing 736
2026-10-03 16:20:58,747 INFO  ExportHelperExtension.cs: 1410 - Fixing 698
2026-10-03 16:20:58,747 INFO  ExportHelperExtension.cs: 1410 - Fixing 461
2026-10-03 16:20:58,747 INFO  ExportHelperExtension.cs: 1410 - Fixing 186
2026-10-03 16:20:58,748 INFO  ExportHelperExtension.cs: 1410 - Fixing 165
2026-10-03 16:20:58,748 INFO  ExportHelperExtension.cs: 1410 - Fixing 343
2026-10-03 16:20:58,748 INFO  ExportHelperExtension.cs: 1410 - Fixing 175
2026-10-03 16:20:58,748 INFO  ExportHelperExtension.cs: 1410 - Fixing 98
2026-10-03 16:20:58,749 INFO  ExportHelperExtension.cs: 1410 - Fixing 94
2026-10-03 16:20:58,749 INFO  ExportHelperExtension.cs: 1410 - Fixing 82
2026-10-03 16:20:58,749 INFO  ExportHelperExtension.cs: 1410 - Fixing 77
2026-10-03 16:20:58,749 INFO  ExportHelperExtension.cs: 1410 - Fixing 347
2026-10-03 16:20:58,750 INFO  ExportHelperExtension.cs: 1410 - Fixing 86
2026-10-03 16:20:58,750 INFO  ExportHelperExtension.cs: 1410 - Fixing 63
2026-10-03 16:20:58,750 INFO  ExportHelperExtension.cs: 1410 - Fixing 42
2026-10-03 16:20:58,750 INFO  ExportHelperExtension.cs: 1410 - Fixing 60
2026-10-03 16:20:58,751 INFO  ExportHelperExtension.cs: 1410 - Fixing 45
2026-10-03 16:20:58,751 INFO  ExportHelperExtension.cs: 1410 - Fixing 44
2026-10-03 16:20:58,751 INFO  ExportHelperExtension.cs: 1410 - Fixing 28
2026-10-03 16:20:58,751 INFO  ExportHelperExtension.cs: 1410 - Fixing 29
2026-10-03 16:20:58,752 INFO  ExportHelperExtension.cs: 1410 - Fixing 23
2026-10-03 16:20:58,752 INFO  ExportHelperExtension.cs: 1417 - Component 23 is already fixed
2026-10-03 16:20:58,752 INFO  ExportHelperExtension.cs: 1410 - Fixing 36
2026-10-03 16:20:58,752 INFO  ExportHelperExtension.cs: 1410 - Fixing 71
2026-10-03 16:20:58,752 INFO  ExportHelperExtension.cs: 1410 - Fixing 69
2026-10-03 16:20:58,753 INFO  ExportHelperExtension.cs: 1410 - Fixing 73
2026-10-03 16:20:58,753 INFO  ExportHelperExtension.cs: 1410 - Fixing 22
2026-10-03 16:20:58,753 INFO  ExportHelperExtension.cs: 1410 - Fixing 23
2026-10-03 16:20:58,753 INFO  ExportHelperExtension.cs: 1410 - Fixing 22
2026-10-03 16:20:58,754 INFO  ExportHelperExtension.cs: 1410 - Fixing 23
2026-10-03 16:20:58,754 INFO  ExportHelperExtension.cs: 1410 - Fixing 22
2026-10-03 16:20:58,754 INFO  ExportHelperExtension.cs: 1410 - Fixing 23
2026-10-03 16:20:58,754 INFO  ExportHelperExtension.cs: 1410 - Fixing 22
2026-10-03 16:20:58,755 INFO  ExportHelperExtension.cs: 1410 - Fixing 23
2026-10-03 16:21:01,655 INFO  ExportHelperExtension.cs: 832 - R1: 0, 0
2026-10-03 16:21:01,656 INFO  ExportHelperExtension.cs: 841 - R2: 0, 0
2026-10-03 16:21:01,656 INFO  ExportHelperExtension.cs: 849 - L1: 0
2026-10-03 16:21:01,656 INFO  ExportHelperExtension.cs: 857 - L2: 0
2026-10-03 16:21:01,657 INFO  ExportHelperExtension.cs: 1360 - Unfixing component 74
2026-10-03 16:21:01,657 INFO  ExportHelperExtension.cs: 1360 - Unfixing component 76
2026-10-03 16:21:01,657 INFO  ExportHelperExtension.cs: 1360 - Unfixing component 75
2026-10-03 16:21:01,657 INFO  ExportHelperExtension.cs: 1360 - Unfixing component 893
2026-10-03 16:21:01,659 INFO  ExportHelperExtension.cs: 1360 - Unfixing component 888
2026-10-03 16:21:01,659 INFO  ExportHelperExtension.cs: 1360 - Unfixing component 898
2026-10-03 16:21:01,659 INFO  ExportHelperExtension.cs: 1360 - Unfixing component 883
2026-10-03 16:21:01,659 INFO  ExportHelperExtension.cs: 1360 - Unfixing component 706
2026-10-03 16:21:01,660 INFO  ExportHelperExtension.cs: 1360 - Unfixing component 679
2026-10-03 16:21:01,660 INFO  ExportHelperExtension.cs: 1360 - Unfixing component 426
2026-10-03 16:21:01,660 INFO  ExportHelperExtension.cs: 1360 - Unfixing component 442
2026-10-03 16:21:01,660 INFO  ExportHelperExtension.cs: 1360 - Unfixing component 675
2026-10-03 16:21:01,660 INFO  ExportHelperExtension.cs: 1360 - Unfixing component 456
2026-10-03 16:21:01,661 INFO  ExportHelperExtension.cs: 1360 - Unfixing component 355
2026-10-03 16:21:01,661 INFO  ExportHelperExtension.cs: 1360 - Unfixing component 448
2026-10-03 16:21:01,661 INFO  ExportHelperExtension.cs: 1360 - Unfixing component 415
2026-10-03 16:21:01,661 INFO  ExportHelperExtension.cs: 1360 - Unfixing component 875
2026-10-03 16:21:01,661 INFO  ExportHelperExtension.cs: 1360 - Unfixing component 736
2026-10-03 16:21:01,662 INFO  ExportHelperExtension.cs: 1360 - Unfixing component 698
2026-10-03 16:21:01,662 INFO  ExportHelperExtension.cs: 1360 - Unfixing component 461
2026-10-03 16:21:01,662 INFO  ExportHelperExtension.cs: 1360 - Unfixing component 186
2026-10-03 16:21:01,662 INFO  ExportHelperExtension.cs: 1360 - Unfixing component 165
2026-10-03 16:21:01,663 INFO  ExportHelperExtension.cs: 1360 - Unfixing component 343
2026-10-03 16:21:01,663 INFO  ExportHelperExtension.cs: 1360 - Unfixing component 175
2026-10-03 16:21:01,663 INFO  ExportHelperExtension.cs: 1360 - Unfixing component 98
2026-10-03 16:21:01,663 INFO  ExportHelperExtension.cs: 1360 - Unfixing component 94
2026-10-03 16:21:01,664 INFO  ExportHelperExtension.cs: 1360 - Unfixing component 82
2026-10-03 16:21:01,664 INFO  ExportHelperExtension.cs: 1360 - Unfixing component 77
2026-10-03 16:21:01,664 INFO  ExportHelperExtension.cs: 1360 - Unfixing component 347
2026-10-03 16:21:01,664 INFO  ExportHelperExtension.cs: 1360 - Unfixing component 86
2026-10-03 16:21:01,664 INFO  ExportHelperExtension.cs: 1360 - Unfixing component 63
2026-10-03 16:21:01,665 INFO  ExportHelperExtension.cs: 1360 - Unfixing component 42
2026-10-03 16:21:01,665 INFO  ExportHelperExtension.cs: 1360 - Unfixing component 60
2026-10-03 16:21:01,665 INFO  ExportHelperExtension.cs: 1360 - Unfixing component 45
2026-10-03 16:21:01,665 INFO  ExportHelperExtension.cs: 1360 - Unfixing component 44
2026-10-03 16:21:01,665 INFO  ExportHelperExtension.cs: 1360 - Unfixing component 28
2026-10-03 16:21:01,666 INFO  ExportHelperExtension.cs: 1360 - Unfixing component 29
2026-10-03 16:21:01,666 INFO  ExportHelperExtension.cs: 1360 - Unfixing component 36
2026-10-03 16:21:01,666 INFO  ExportHelperExtension.cs: 1360 - Unfixing component 71
2026-10-03 16:21:01,666 INFO  ExportHelperExtension.cs: 1360 - Unfixing component 69
2026-10-03 16:21:01,667 INFO  ExportHelperExtension.cs: 1360 - Unfixing component 73
2026-10-03 16:21:01,667 INFO  ExportHelperExtension.cs: 1360 - Unfixing component 22
2026-10-03 16:21:01,667 INFO  ExportHelperExtension.cs: 1360 - Unfixing component 23
2026-10-03 16:21:01,667 INFO  ExportHelperExtension.cs: 1360 - Unfixing component 22
2026-10-03 16:21:01,668 INFO  ExportHelperExtension.cs: 1360 - Unfixing component 23
2026-10-03 16:21:01,668 INFO  ExportHelperExtension.cs: 1360 - Unfixing component 22
2026-10-03 16:21:01,668 INFO  ExportHelperExtension.cs: 1360 - Unfixing component 23
2026-10-03 16:21:01,668 INFO  ExportHelperExtension.cs: 1360 - Unfixing component 22
2026-10-03 16:21:01,669 INFO  ExportHelperExtension.cs: 1360 - Unfixing component 23
2026-10-03 16:21:06,975 WARN  ExportHelperExtension.cs: 351 - Creating joint from parent base_link to child Link2 failed
2026-10-03 16:21:07,543 INFO  ExportHelperExtension.cs: 347 - Creating joint Link3
2026-10-03 16:21:07,544 INFO  ExportHelperExtension.cs: 1405 - Fixing components for base_link
2026-10-03 16:21:07,544 INFO  ExportHelperExtension.cs: 1410 - Fixing 74
2026-10-03 16:21:07,544 INFO  ExportHelperExtension.cs: 1410 - Fixing 76
2026-10-03 16:21:07,545 INFO  ExportHelperExtension.cs: 1410 - Fixing 75
2026-10-03 16:21:07,545 INFO  ExportHelperExtension.cs: 1410 - Fixing 893
2026-10-03 16:21:07,545 INFO  ExportHelperExtension.cs: 1410 - Fixing 888
2026-10-03 16:21:07,545 INFO  ExportHelperExtension.cs: 1410 - Fixing 898
2026-10-03 16:21:07,546 INFO  ExportHelperExtension.cs: 1410 - Fixing 883
2026-10-03 16:21:07,546 INFO  ExportHelperExtension.cs: 1410 - Fixing 706
2026-10-03 16:21:07,546 INFO  ExportHelperExtension.cs: 1410 - Fixing 679
2026-10-03 16:21:07,550 INFO  ExportHelperExtension.cs: 1410 - Fixing 426
2026-10-03 16:21:07,550 INFO  ExportHelperExtension.cs: 1410 - Fixing 442
2026-10-03 16:21:07,550 INFO  ExportHelperExtension.cs: 1410 - Fixing 675
2026-10-03 16:21:07,551 INFO  ExportHelperExtension.cs: 1410 - Fixing 456
2026-10-03 16:21:07,551 INFO  ExportHelperExtension.cs: 1410 - Fixing 355
2026-10-03 16:21:07,551 INFO  ExportHelperExtension.cs: 1410 - Fixing 448
2026-10-03 16:21:07,551 INFO  ExportHelperExtension.cs: 1410 - Fixing 415
2026-10-03 16:21:07,552 INFO  ExportHelperExtension.cs: 1410 - Fixing 875
2026-10-03 16:21:07,552 INFO  ExportHelperExtension.cs: 1410 - Fixing 736
2026-10-03 16:21:07,552 INFO  ExportHelperExtension.cs: 1410 - Fixing 698
2026-10-03 16:21:07,552 INFO  ExportHelperExtension.cs: 1410 - Fixing 461
2026-10-03 16:21:07,553 INFO  ExportHelperExtension.cs: 1410 - Fixing 186
2026-10-03 16:21:07,553 INFO  ExportHelperExtension.cs: 1410 - Fixing 165
2026-10-03 16:21:07,553 INFO  ExportHelperExtension.cs: 1410 - Fixing 343
2026-10-03 16:21:07,553 INFO  ExportHelperExtension.cs: 1410 - Fixing 175
2026-10-03 16:21:07,554 INFO  ExportHelperExtension.cs: 1410 - Fixing 98
2026-10-03 16:21:07,554 INFO  ExportHelperExtension.cs: 1410 - Fixing 94
2026-10-03 16:21:07,554 INFO  ExportHelperExtension.cs: 1410 - Fixing 82
2026-10-03 16:21:07,554 INFO  ExportHelperExtension.cs: 1410 - Fixing 77
2026-10-03 16:21:07,554 INFO  ExportHelperExtension.cs: 1410 - Fixing 347
2026-10-03 16:21:07,555 INFO  ExportHelperExtension.cs: 1410 - Fixing 86
2026-10-03 16:21:07,555 INFO  ExportHelperExtension.cs: 1410 - Fixing 63
2026-10-03 16:21:07,555 INFO  ExportHelperExtension.cs: 1410 - Fixing 42
2026-10-03 16:21:07,555 INFO  ExportHelperExtension.cs: 1410 - Fixing 60
2026-10-03 16:21:07,556 INFO  ExportHelperExtension.cs: 1410 - Fixing 45
2026-10-03 16:21:07,556 INFO  ExportHelperExtension.cs: 1410 - Fixing 44
2026-10-03 16:21:07,556 INFO  ExportHelperExtension.cs: 1410 - Fixing 28
2026-10-03 16:21:07,556 INFO  ExportHelperExtension.cs: 1410 - Fixing 29
2026-10-03 16:21:07,557 INFO  ExportHelperExtension.cs: 1410 - Fixing 23
2026-10-03 16:21:07,557 INFO  ExportHelperExtension.cs: 1417 - Component 23 is already fixed
2026-10-03 16:21:07,557 INFO  ExportHelperExtension.cs: 1410 - Fixing 36
2026-10-03 16:21:07,557 INFO  ExportHelperExtension.cs: 1410 - Fixing 71
2026-10-03 16:21:07,558 INFO  ExportHelperExtension.cs: 1410 - Fixing 69
2026-10-03 16:21:07,558 INFO  ExportHelperExtension.cs: 1410 - Fixing 73
2026-10-03 16:21:07,558 INFO  ExportHelperExtension.cs: 1410 - Fixing 22
2026-10-03 16:21:07,558 INFO  ExportHelperExtension.cs: 1410 - Fixing 23
2026-10-03 16:21:07,558 INFO  ExportHelperExtension.cs: 1410 - Fixing 22
2026-10-03 16:21:07,559 INFO  ExportHelperExtension.cs: 1410 - Fixing 23
2026-10-03 16:21:07,559 INFO  ExportHelperExtension.cs: 1410 - Fixing 22
2026-10-03 16:21:07,559 INFO  ExportHelperExtension.cs: 1410 - Fixing 23
2026-10-03 16:21:07,559 INFO  ExportHelperExtension.cs: 1410 - Fixing 22
2026-10-03 16:21:07,560 INFO  ExportHelperExtension.cs: 1410 - Fixing 23
2026-10-03 16:21:10,483 INFO  ExportHelperExtension.cs: 832 - R1: 0, 0
2026-10-03 16:21:10,484 INFO  ExportHelperExtension.cs: 841 - R2: 0, 0
2026-10-03 16:21:10,484 INFO  ExportHelperExtension.cs: 849 - L1: 0
2026-10-03 16:21:10,484 INFO  ExportHelperExtension.cs: 857 - L2: 0
2026-10-03 16:21:10,485 INFO  ExportHelperExtension.cs: 1360 - Unfixing component 74
2026-10-03 16:21:10,485 INFO  ExportHelperExtension.cs: 1360 - Unfixing component 76
2026-10-03 16:21:10,485 INFO  ExportHelperExtension.cs: 1360 - Unfixing component 75
2026-10-03 16:21:10,485 INFO  ExportHelperExtension.cs: 1360 - Unfixing component 893
2026-10-03 16:21:10,486 INFO  ExportHelperExtension.cs: 1360 - Unfixing component 888
2026-10-03 16:21:10,486 INFO  ExportHelperExtension.cs: 1360 - Unfixing component 898
2026-10-03 16:21:10,486 INFO  ExportHelperExtension.cs: 1360 - Unfixing component 883
2026-10-03 16:21:10,486 INFO  ExportHelperExtension.cs: 1360 - Unfixing component 706
2026-10-03 16:21:10,486 INFO  ExportHelperExtension.cs: 1360 - Unfixing component 679
2026-10-03 16:21:10,487 INFO  ExportHelperExtension.cs: 1360 - Unfixing component 426
2026-10-03 16:21:10,487 INFO  ExportHelperExtension.cs: 1360 - Unfixing component 442
2026-10-03 16:21:10,487 INFO  ExportHelperExtension.cs: 1360 - Unfixing component 675
2026-10-03 16:21:10,487 INFO  ExportHelperExtension.cs: 1360 - Unfixing component 456
2026-10-03 16:21:10,488 INFO  ExportHelperExtension.cs: 1360 - Unfixing component 355
2026-10-03 16:21:10,488 INFO  ExportHelperExtension.cs: 1360 - Unfixing component 448
2026-10-03 16:21:10,488 INFO  ExportHelperExtension.cs: 1360 - Unfixing component 415
2026-10-03 16:21:10,488 INFO  ExportHelperExtension.cs: 1360 - Unfixing component 875
2026-10-03 16:21:10,489 INFO  ExportHelperExtension.cs: 1360 - Unfixing component 736
2026-10-03 16:21:10,489 INFO  ExportHelperExtension.cs: 1360 - Unfixing component 698
2026-10-03 16:21:10,489 INFO  ExportHelperExtension.cs: 1360 - Unfixing component 461
2026-10-03 16:21:10,489 INFO  ExportHelperExtension.cs: 1360 - Unfixing component 186
2026-10-03 16:21:10,489 INFO  ExportHelperExtension.cs: 1360 - Unfixing component 165
2026-10-03 16:21:10,491 INFO  ExportHelperExtension.cs: 1360 - Unfixing component 343
2026-10-03 16:21:10,491 INFO  ExportHelperExtension.cs: 1360 - Unfixing component 175
2026-10-03 16:21:10,491 INFO  ExportHelperExtension.cs: 1360 - Unfixing component 98
2026-10-03 16:21:10,491 INFO  ExportHelperExtension.cs: 1360 - Unfixing component 94
2026-10-03 16:21:10,491 INFO  ExportHelperExtension.cs: 1360 - Unfixing component 82
2026-10-03 16:21:10,492 INFO  ExportHelperExtension.cs: 1360 - Unfixing component 77
2026-10-03 16:21:10,492 INFO  ExportHelperExtension.cs: 1360 - Unfixing component 347
2026-10-03 16:21:10,492 INFO  ExportHelperExtension.cs: 1360 - Unfixing component 86
2026-10-03 16:21:10,492 INFO  ExportHelperExtension.cs: 1360 - Unfixing component 63
2026-10-03 16:21:10,492 INFO  ExportHelperExtension.cs: 1360 - Unfixing component 42
2026-10-03 16:21:10,493 INFO  ExportHelperExtension.cs: 1360 - Unfixing component 60
2026-10-03 16:21:10,493 INFO  ExportHelperExtension.cs: 1360 - Unfixing component 45
2026-10-03 16:21:10,493 INFO  ExportHelperExtension.cs: 1360 - Unfixing component 44
2026-10-03 16:21:10,493 INFO  ExportHelperExtension.cs: 1360 - Unfixing component 28
2026-10-03 16:21:10,493 INFO  ExportHelperExtension.cs: 1360 - Unfixing component 29
2026-10-03 16:21:10,494 INFO  ExportHelperExtension.cs: 1360 - Unfixing component 36
2026-10-03 16:21:10,494 INFO  ExportHelperExtension.cs: 1360 - Unfixing component 71
2026-10-03 16:21:10,494 INFO  ExportHelperExtension.cs: 1360 - Unfixing component 69
2026-10-03 16:21:10,494 INFO  ExportHelperExtension.cs: 1360 - Unfixing component 73
2026-10-03 16:21:10,495 INFO  ExportHelperExtension.cs: 1360 - Unfixing component 22
2026-10-03 16:21:10,495 INFO  ExportHelperExtension.cs: 1360 - Unfixing component 23
2026-10-03 16:21:10,495 INFO  ExportHelperExtension.cs: 1360 - Unfixing component 22
2026-10-03 16:21:10,495 INFO  ExportHelperExtension.cs: 1360 - Unfixing component 23
2026-10-03 16:21:10,496 INFO  ExportHelperExtension.cs: 1360 - Unfixing component 22
2026-10-03 16:21:10,496 INFO  ExportHelperExtension.cs: 1360 - Unfixing component 23
2026-10-03 16:21:10,496 INFO  ExportHelperExtension.cs: 1360 - Unfixing component 22
2026-10-03 16:21:10,496 INFO  ExportHelperExtension.cs: 1360 - Unfixing component 23
2026-10-03 16:21:15,797 WARN  ExportHelperExtension.cs: 351 - Creating joint from parent base_link to child Link3 failed
2026-10-03 16:21:16,328 INFO  ExportHelperExtension.cs: 347 - Creating joint Link4
2026-10-03 16:21:16,328 INFO  ExportHelperExtension.cs: 1405 - Fixing components for base_link
2026-10-03 16:21:16,329 INFO  ExportHelperExtension.cs: 1410 - Fixing 74
2026-10-03 16:21:16,329 INFO  ExportHelperExtension.cs: 1410 - Fixing 76
2026-10-03 16:21:16,329 INFO  ExportHelperExtension.cs: 1410 - Fixing 75
2026-10-03 16:21:16,330 INFO  ExportHelperExtension.cs: 1410 - Fixing 893
2026-10-03 16:21:16,330 INFO  ExportHelperExtension.cs: 1410 - Fixing 888
2026-10-03 16:21:16,330 INFO  ExportHelperExtension.cs: 1410 - Fixing 898
2026-10-03 16:21:16,330 INFO  ExportHelperExtension.cs: 1410 - Fixing 883
2026-10-03 16:21:16,331 INFO  ExportHelperExtension.cs: 1410 - Fixing 706
2026-10-03 16:21:16,331 INFO  ExportHelperExtension.cs: 1410 - Fixing 679
2026-10-03 16:21:16,331 INFO  ExportHelperExtension.cs: 1410 - Fixing 426
2026-10-03 16:21:16,331 INFO  ExportHelperExtension.cs: 1410 - Fixing 442
2026-10-03 16:21:16,332 INFO  ExportHelperExtension.cs: 1410 - Fixing 675
2026-10-03 16:21:16,332 INFO  ExportHelperExtension.cs: 1410 - Fixing 456
2026-10-03 16:21:16,332 INFO  ExportHelperExtension.cs: 1410 - Fixing 355
2026-10-03 16:21:16,332 INFO  ExportHelperExtension.cs: 1410 - Fixing 448
2026-10-03 16:21:16,332 INFO  ExportHelperExtension.cs: 1410 - Fixing 415
2026-10-03 16:21:16,333 INFO  ExportHelperExtension.cs: 1410 - Fixing 875
2026-10-03 16:21:16,333 INFO  ExportHelperExtension.cs: 1410 - Fixing 736
2026-10-03 16:21:16,333 INFO  ExportHelperExtension.cs: 1410 - Fixing 698
2026-10-03 16:21:16,333 INFO  ExportHelperExtension.cs: 1410 - Fixing 461
2026-10-03 16:21:16,334 INFO  ExportHelperExtension.cs: 1410 - Fixing 186
2026-10-03 16:21:16,334 INFO  ExportHelperExtension.cs: 1410 - Fixing 165
2026-10-03 16:21:16,334 INFO  ExportHelperExtension.cs: 1410 - Fixing 343
2026-10-03 16:21:16,334 INFO  ExportHelperExtension.cs: 1410 - Fixing 175
2026-10-03 16:21:16,335 INFO  ExportHelperExtension.cs: 1410 - Fixing 98
2026-10-03 16:21:16,335 INFO  ExportHelperExtension.cs: 1410 - Fixing 94
2026-10-03 16:21:16,335 INFO  ExportHelperExtension.cs: 1410 - Fixing 82
2026-10-03 16:21:16,335 INFO  ExportHelperExtension.cs: 1410 - Fixing 77
2026-10-03 16:21:16,336 INFO  ExportHelperExtension.cs: 1410 - Fixing 347
2026-10-03 16:21:16,336 INFO  ExportHelperExtension.cs: 1410 - Fixing 86
2026-10-03 16:21:16,336 INFO  ExportHelperExtension.cs: 1410 - Fixing 63
2026-10-03 16:21:16,336 INFO  ExportHelperExtension.cs: 1410 - Fixing 42
2026-10-03 16:21:16,337 INFO  ExportHelperExtension.cs: 1410 - Fixing 60
2026-10-03 16:21:16,337 INFO  ExportHelperExtension.cs: 1410 - Fixing 45
2026-10-03 16:21:16,337 INFO  ExportHelperExtension.cs: 1410 - Fixing 44
2026-10-03 16:21:16,337 INFO  ExportHelperExtension.cs: 1410 - Fixing 28
2026-10-03 16:21:16,338 INFO  ExportHelperExtension.cs: 1410 - Fixing 29
2026-10-03 16:21:16,338 INFO  ExportHelperExtension.cs: 1410 - Fixing 23
2026-10-03 16:21:16,338 INFO  ExportHelperExtension.cs: 1417 - Component 23 is already fixed
2026-10-03 16:21:16,338 INFO  ExportHelperExtension.cs: 1410 - Fixing 36
2026-10-03 16:21:16,339 INFO  ExportHelperExtension.cs: 1410 - Fixing 71
2026-10-03 16:21:16,339 INFO  ExportHelperExtension.cs: 1410 - Fixing 69
2026-10-03 16:21:16,339 INFO  ExportHelperExtension.cs: 1410 - Fixing 73
2026-10-03 16:21:16,339 INFO  ExportHelperExtension.cs: 1410 - Fixing 22
2026-10-03 16:21:16,339 INFO  ExportHelperExtension.cs: 1410 - Fixing 23
2026-10-03 16:21:16,340 INFO  ExportHelperExtension.cs: 1410 - Fixing 22
2026-10-03 16:21:16,340 INFO  ExportHelperExtension.cs: 1410 - Fixing 23
2026-10-03 16:21:16,340 INFO  ExportHelperExtension.cs: 1410 - Fixing 22
2026-10-03 16:21:16,340 INFO  ExportHelperExtension.cs: 1410 - Fixing 23
2026-10-03 16:21:16,341 INFO  ExportHelperExtension.cs: 1410 - Fixing 22
2026-10-03 16:21:16,341 INFO  ExportHelperExtension.cs: 1410 - Fixing 23
2026-10-03 16:21:19,285 INFO  ExportHelperExtension.cs: 832 - R1: 0, 0
2026-10-03 16:21:19,286 INFO  ExportHelperExtension.cs: 841 - R2: 0, 0
2026-10-03 16:21:19,286 INFO  ExportHelperExtension.cs: 849 - L1: 0
2026-10-03 16:21:19,286 INFO  ExportHelperExtension.cs: 857 - L2: 0
2026-10-03 16:21:19,287 INFO  ExportHelperExtension.cs: 1360 - Unfixing component 74
2026-10-03 16:21:19,287 INFO  ExportHelperExtension.cs: 1360 - Unfixing component 76
2026-10-03 16:21:19,287 INFO  ExportHelperExtension.cs: 1360 - Unfixing component 75
2026-10-03 16:21:19,287 INFO  ExportHelperExtension.cs: 1360 - Unfixing component 893
2026-10-03 16:21:19,288 INFO  ExportHelperExtension.cs: 1360 - Unfixing component 888
2026-10-03 16:21:19,288 INFO  ExportHelperExtension.cs: 1360 - Unfixing component 898
2026-10-03 16:21:19,288 INFO  ExportHelperExtension.cs: 1360 - Unfixing component 883
2026-10-03 16:21:19,288 INFO  ExportHelperExtension.cs: 1360 - Unfixing component 706
2026-10-03 16:21:19,289 INFO  ExportHelperExtension.cs: 1360 - Unfixing component 679
2026-10-03 16:21:19,289 INFO  ExportHelperExtension.cs: 1360 - Unfixing component 426
2026-10-03 16:21:19,289 INFO  ExportHelperExtension.cs: 1360 - Unfixing component 442
2026-10-03 16:21:19,289 INFO  ExportHelperExtension.cs: 1360 - Unfixing component 675
2026-10-03 16:21:19,290 INFO  ExportHelperExtension.cs: 1360 - Unfixing component 456
2026-10-03 16:21:19,290 INFO  ExportHelperExtension.cs: 1360 - Unfixing component 355
2026-10-03 16:21:19,290 INFO  ExportHelperExtension.cs: 1360 - Unfixing component 448
2026-10-03 16:21:19,290 INFO  ExportHelperExtension.cs: 1360 - Unfixing component 415
2026-10-03 16:21:19,290 INFO  ExportHelperExtension.cs: 1360 - Unfixing component 875
2026-10-03 16:21:19,291 INFO  ExportHelperExtension.cs: 1360 - Unfixing component 736
2026-10-03 16:21:19,291 INFO  ExportHelperExtension.cs: 1360 - Unfixing component 698
2026-10-03 16:21:19,291 INFO  ExportHelperExtension.cs: 1360 - Unfixing component 461
2026-10-03 16:21:19,291 INFO  ExportHelperExtension.cs: 1360 - Unfixing component 186
2026-10-03 16:21:19,291 INFO  ExportHelperExtension.cs: 1360 - Unfixing component 165
2026-10-03 16:21:19,291 INFO  ExportHelperExtension.cs: 1360 - Unfixing component 343
2026-10-03 16:21:19,293 INFO  ExportHelperExtension.cs: 1360 - Unfixing component 175
2026-10-03 16:21:19,293 INFO  ExportHelperExtension.cs: 1360 - Unfixing component 98
2026-10-03 16:21:19,293 INFO  ExportHelperExtension.cs: 1360 - Unfixing component 94
2026-10-03 16:21:19,293 INFO  ExportHelperExtension.cs: 1360 - Unfixing component 82
2026-10-03 16:21:19,294 INFO  ExportHelperExtension.cs: 1360 - Unfixing component 77
2026-10-03 16:21:19,298 INFO  ExportHelperExtension.cs: 1360 - Unfixing component 347
2026-10-03 16:21:19,298 INFO  ExportHelperExtension.cs: 1360 - Unfixing component 86
2026-10-03 16:21:19,298 INFO  ExportHelperExtension.cs: 1360 - Unfixing component 63
2026-10-03 16:21:19,298 INFO  ExportHelperExtension.cs: 1360 - Unfixing component 42
2026-10-03 16:21:19,299 INFO  ExportHelperExtension.cs: 1360 - Unfixing component 60
2026-10-03 16:21:19,299 INFO  ExportHelperExtension.cs: 1360 - Unfixing component 45
2026-10-03 16:21:19,299 INFO  ExportHelperExtension.cs: 1360 - Unfixing component 44
2026-10-03 16:21:19,299 INFO  ExportHelperExtension.cs: 1360 - Unfixing component 28
2026-10-03 16:21:19,299 INFO  ExportHelperExtension.cs: 1360 - Unfixing component 29
2026-10-03 16:21:19,300 INFO  ExportHelperExtension.cs: 1360 - Unfixing component 36
2026-10-03 16:21:19,300 INFO  ExportHelperExtension.cs: 1360 - Unfixing component 71
2026-10-03 16:21:19,300 INFO  ExportHelperExtension.cs: 1360 - Unfixing component 69
2026-10-03 16:21:19,300 INFO  ExportHelperExtension.cs: 1360 - Unfixing component 73
2026-10-03 16:21:19,301 INFO  ExportHelperExtension.cs: 1360 - Unfixing component 22
2026-10-03 16:21:19,301 INFO  ExportHelperExtension.cs: 1360 - Unfixing component 23
2026-10-03 16:21:19,301 INFO  ExportHelperExtension.cs: 1360 - Unfixing component 22
2026-10-03 16:21:19,301 INFO  ExportHelperExtension.cs: 1360 - Unfixing component 23
2026-10-03 16:21:19,301 INFO  ExportHelperExtension.cs: 1360 - Unfixing component 22
2026-10-03 16:21:19,302 INFO  ExportHelperExtension.cs: 1360 - Unfixing component 23
2026-10-03 16:21:19,302 INFO  ExportHelperExtension.cs: 1360 - Unfixing component 22
2026-10-03 16:21:19,302 INFO  ExportHelperExtension.cs: 1360 - Unfixing component 23
2026-10-03 16:21:24,771 WARN  ExportHelperExtension.cs: 351 - Creating joint from parent base_link to child Link4 failed
2026-10-03 16:21:25,434 INFO  ExportHelperExtension.cs: 1125 - Retrieving features of type [CoordSys] from “zongzhuangtu”FC.SLDASM
2026-10-03 16:21:25,435 INFO  ExportHelperExtension.cs: 1136 - Found 192 in “zongzhuangtu”FC.SLDASM
2026-10-03 16:21:25,435 INFO  ExportHelperExtension.cs: 1145 - Found 5 features of type [CoordSys] in “zongzhuangtu”FC.SLDASM
2026-10-03 16:21:25,436 INFO  ExportHelperExtension.cs: 1148 - Proceeding through assembly components
2026-10-03 16:21:25,436 INFO  ExportHelperExtension.cs: 1160 - 47 components to check
2026-10-03 16:21:25,436 INFO  ExportHelperExtension.cs: 1125 - Retrieving features of type [CoordSys] from 麦轮电机单位-4
2026-10-03 16:21:25,436 INFO  ExportHelperExtension.cs: 1136 - Found 39 in 麦轮电机单位-4
2026-10-03 16:21:25,437 INFO  ExportHelperExtension.cs: 1145 - Found 0 features of type [CoordSys] in 麦轮电机单位-4
2026-10-03 16:21:25,437 INFO  ExportHelperExtension.cs: 1125 - Retrieving features of type [CoordSys] from 32X25合页-5
2026-10-03 16:21:25,437 INFO  ExportHelperExtension.cs: 1136 - Found 30 in 32X25合页-5
2026-10-03 16:21:25,437 INFO  ExportHelperExtension.cs: 1145 - Found 0 features of type [CoordSys] in 32X25合页-5
2026-10-03 16:21:25,438 INFO  ExportHelperExtension.cs: 1125 - Retrieving features of type [CoordSys] from 麦轮电机底板3-3
2026-10-03 16:21:25,438 INFO  ExportHelperExtension.cs: 1136 - Found 36 in 麦轮电机底板3-3
2026-10-03 16:21:25,438 INFO  ExportHelperExtension.cs: 1145 - Found 0 features of type [CoordSys] in 麦轮电机底板3-3
2026-10-03 16:21:25,439 INFO  ExportHelperExtension.cs: 1125 - Retrieving features of type [CoordSys] from 麦轮电机单位-3
2026-10-03 16:21:25,439 INFO  ExportHelperExtension.cs: 1136 - Found 39 in 麦轮电机单位-3
2026-10-03 16:21:25,439 INFO  ExportHelperExtension.cs: 1145 - Found 0 features of type [CoordSys] in 麦轮电机单位-3
2026-10-03 16:21:25,439 INFO  ExportHelperExtension.cs: 1125 - Retrieving features of type [CoordSys] from 麦轮电机底板3-4
2026-10-03 16:21:25,440 INFO  ExportHelperExtension.cs: 1136 - Found 36 in 麦轮电机底板3-4
2026-10-03 16:21:25,440 INFO  ExportHelperExtension.cs: 1145 - Found 0 features of type [CoordSys] in 麦轮电机底板3-4
2026-10-03 16:21:25,440 INFO  ExportHelperExtension.cs: 1125 - Retrieving features of type [CoordSys] from 250mm铝方管3-1
2026-10-03 16:21:25,441 INFO  ExportHelperExtension.cs: 1136 - Found 33 in 250mm铝方管3-1
2026-10-03 16:21:25,441 INFO  ExportHelperExtension.cs: 1145 - Found 0 features of type [CoordSys] in 250mm铝方管3-1
2026-10-03 16:21:25,441 INFO  ExportHelperExtension.cs: 1125 - Retrieving features of type [CoordSys] from 麦轮电机底板3-1
2026-10-03 16:21:25,441 INFO  ExportHelperExtension.cs: 1136 - Found 36 in 麦轮电机底板3-1
2026-10-03 16:21:25,442 INFO  ExportHelperExtension.cs: 1145 - Found 0 features of type [CoordSys] in 麦轮电机底板3-1
2026-10-03 16:21:25,442 INFO  ExportHelperExtension.cs: 1125 - Retrieving features of type [CoordSys] from 麦轮电机单位-1
2026-10-03 16:21:25,442 INFO  ExportHelperExtension.cs: 1136 - Found 39 in 麦轮电机单位-1
2026-10-03 16:21:25,443 INFO  ExportHelperExtension.cs: 1145 - Found 0 features of type [CoordSys] in 麦轮电机单位-1
2026-10-03 16:21:25,443 INFO  ExportHelperExtension.cs: 1125 - Retrieving features of type [CoordSys] from 32X25合页-2
2026-10-03 16:21:25,443 INFO  ExportHelperExtension.cs: 1136 - Found 30 in 32X25合页-2
2026-10-03 16:21:25,443 INFO  ExportHelperExtension.cs: 1145 - Found 0 features of type [CoordSys] in 32X25合页-2
2026-10-03 16:21:25,444 INFO  ExportHelperExtension.cs: 1125 - Retrieving features of type [CoordSys] from 32X25合页-1
2026-10-03 16:21:25,444 INFO  ExportHelperExtension.cs: 1136 - Found 30 in 32X25合页-1
2026-10-03 16:21:25,444 INFO  ExportHelperExtension.cs: 1145 - Found 0 features of type [CoordSys] in 32X25合页-1
2026-10-03 16:21:25,444 INFO  ExportHelperExtension.cs: 1125 - Retrieving features of type [CoordSys] from 32X25合页-3
2026-10-03 16:21:25,445 INFO  ExportHelperExtension.cs: 1136 - Found 30 in 32X25合页-3
2026-10-03 16:21:25,445 INFO  ExportHelperExtension.cs: 1145 - Found 0 features of type [CoordSys] in 32X25合页-3
2026-10-03 16:21:25,445 INFO  ExportHelperExtension.cs: 1125 - Retrieving features of type [CoordSys] from 32X25合页-4
2026-10-03 16:21:25,446 INFO  ExportHelperExtension.cs: 1136 - Found 30 in 32X25合页-4
2026-10-03 16:21:25,446 INFO  ExportHelperExtension.cs: 1145 - Found 0 features of type [CoordSys] in 32X25合页-4
2026-10-03 16:21:25,446 INFO  ExportHelperExtension.cs: 1125 - Retrieving features of type [CoordSys] from 麦轮电机单位-2
2026-10-03 16:21:25,446 INFO  ExportHelperExtension.cs: 1136 - Found 39 in 麦轮电机单位-2
2026-10-03 16:21:25,447 INFO  ExportHelperExtension.cs: 1145 - Found 0 features of type [CoordSys] in 麦轮电机单位-2
2026-10-03 16:21:25,447 INFO  ExportHelperExtension.cs: 1125 - Retrieving features of type [CoordSys] from 250mm铝方管-1
2026-10-03 16:21:25,447 INFO  ExportHelperExtension.cs: 1136 - Found 33 in 250mm铝方管-1
2026-10-03 16:21:25,448 INFO  ExportHelperExtension.cs: 1145 - Found 0 features of type [CoordSys] in 250mm铝方管-1
2026-10-03 16:21:25,448 INFO  ExportHelperExtension.cs: 1125 - Retrieving features of type [CoordSys] from 麦轮电机底板3-2
2026-10-03 16:21:25,448 INFO  ExportHelperExtension.cs: 1136 - Found 36 in 麦轮电机底板3-2
2026-10-03 16:21:25,448 INFO  ExportHelperExtension.cs: 1145 - Found 0 features of type [CoordSys] in 麦轮电机底板3-2
2026-10-03 16:21:25,449 INFO  ExportHelperExtension.cs: 1125 - Retrieving features of type [CoordSys] from 250mm铝方管-2
2026-10-03 16:21:25,449 INFO  ExportHelperExtension.cs: 1136 - Found 33 in 250mm铝方管-2
2026-10-03 16:21:25,449 INFO  ExportHelperExtension.cs: 1145 - Found 0 features of type [CoordSys] in 250mm铝方管-2
2026-10-03 16:21:25,449 INFO  ExportHelperExtension.cs: 1125 - Retrieving features of type [CoordSys] from 450mm铝方管-2
2026-10-03 16:21:25,450 INFO  ExportHelperExtension.cs: 1136 - Found 31 in 450mm铝方管-2
2026-10-03 16:21:25,450 INFO  ExportHelperExtension.cs: 1145 - Found 0 features of type [CoordSys] in 450mm铝方管-2
2026-10-03 16:21:25,450 INFO  ExportHelperExtension.cs: 1125 - Retrieving features of type [CoordSys] from 地面-1
2026-10-03 16:21:25,451 INFO  ExportHelperExtension.cs: 1136 - Found 27 in 地面-1
2026-10-03 16:21:25,451 INFO  ExportHelperExtension.cs: 1145 - Found 0 features of type [CoordSys] in 地面-1
2026-10-03 16:21:25,451 INFO  ExportHelperExtension.cs: 1125 - Retrieving features of type [CoordSys] from 减震器下安装支架-2
2026-10-03 16:21:25,452 INFO  ExportHelperExtension.cs: 1136 - Found 37 in 减震器下安装支架-2
2026-10-03 16:21:25,452 INFO  ExportHelperExtension.cs: 1145 - Found 0 features of type [CoordSys] in 减震器下安装支架-2
2026-10-03 16:21:25,452 INFO  ExportHelperExtension.cs: 1125 - Retrieving features of type [CoordSys] from 250mm铝方管3-2
2026-10-03 16:21:25,452 INFO  ExportHelperExtension.cs: 1136 - Found 33 in 250mm铝方管3-2
2026-10-03 16:21:25,453 INFO  ExportHelperExtension.cs: 1145 - Found 0 features of type [CoordSys] in 250mm铝方管3-2
2026-10-03 16:21:25,453 INFO  ExportHelperExtension.cs: 1125 - Retrieving features of type [CoordSys] from 450mm铝方管-1
2026-10-03 16:21:25,453 INFO  ExportHelperExtension.cs: 1136 - Found 31 in 450mm铝方管-1
2026-10-03 16:21:25,454 INFO  ExportHelperExtension.cs: 1145 - Found 0 features of type [CoordSys] in 450mm铝方管-1
2026-10-03 16:21:25,454 INFO  ExportHelperExtension.cs: 1125 - Retrieving features of type [CoordSys] from 底盘亚克力减震板4-1
2026-10-03 16:21:25,454 INFO  ExportHelperExtension.cs: 1136 - Found 42 in 底盘亚克力减震板4-1
2026-10-03 16:21:25,455 INFO  ExportHelperExtension.cs: 1145 - Found 0 features of type [CoordSys] in 底盘亚克力减震板4-1
2026-10-03 16:21:25,455 INFO  ExportHelperExtension.cs: 1125 - Retrieving features of type [CoordSys] from 底盘亚克力减震板4-2
2026-10-03 16:21:25,455 INFO  ExportHelperExtension.cs: 1136 - Found 42 in 底盘亚克力减震板4-2
2026-10-03 16:21:25,455 INFO  ExportHelperExtension.cs: 1145 - Found 0 features of type [CoordSys] in 底盘亚克力减震板4-2
2026-10-03 16:21:25,456 INFO  ExportHelperExtension.cs: 1125 - Retrieving features of type [CoordSys] from 减震器安装支架上-1
2026-10-03 16:21:25,456 INFO  ExportHelperExtension.cs: 1136 - Found 42 in 减震器安装支架上-1
2026-10-03 16:21:25,456 INFO  ExportHelperExtension.cs: 1145 - Found 0 features of type [CoordSys] in 减震器安装支架上-1
2026-10-03 16:21:25,457 INFO  ExportHelperExtension.cs: 1125 - Retrieving features of type [CoordSys] from 底盘亚克力减震板42-1
2026-10-03 16:21:25,457 INFO  ExportHelperExtension.cs: 1136 - Found 44 in 底盘亚克力减震板42-1
2026-10-03 16:21:25,457 INFO  ExportHelperExtension.cs: 1145 - Found 0 features of type [CoordSys] in 底盘亚克力减震板42-1
2026-10-03 16:21:25,457 INFO  ExportHelperExtension.cs: 1125 - Retrieving features of type [CoordSys] from 减震器下安装支架-1
2026-10-03 16:21:25,458 INFO  ExportHelperExtension.cs: 1136 - Found 37 in 减震器下安装支架-1
2026-10-03 16:21:25,458 INFO  ExportHelperExtension.cs: 1145 - Found 0 features of type [CoordSys] in 减震器下安装支架-1
2026-10-03 16:21:25,458 INFO  ExportHelperExtension.cs: 1125 - Retrieving features of type [CoordSys] from 减震器安装支架上-3
2026-10-03 16:21:25,459 INFO  ExportHelperExtension.cs: 1136 - Found 42 in 减震器安装支架上-3
2026-10-03 16:21:25,459 INFO  ExportHelperExtension.cs: 1145 - Found 0 features of type [CoordSys] in 减震器安装支架上-3
2026-10-03 16:21:25,459 INFO  ExportHelperExtension.cs: 1125 - Retrieving features of type [CoordSys] from 底盘亚克力减震板42-2
2026-10-03 16:21:25,593 INFO  ExportHelperExtension.cs: 1136 - Found 44 in 底盘亚克力减震板42-2
2026-10-03 16:21:25,594 INFO  ExportHelperExtension.cs: 1145 - Found 0 features of type [CoordSys] in 底盘亚克力减震板42-2
2026-10-03 16:21:25,594 INFO  ExportHelperExtension.cs: 1125 - Retrieving features of type [CoordSys] from 减震器下安装支架-3
2026-10-03 16:21:25,595 INFO  ExportHelperExtension.cs: 1136 - Found 37 in 减震器下安装支架-3
2026-10-03 16:21:25,595 INFO  ExportHelperExtension.cs: 1145 - Found 0 features of type [CoordSys] in 减震器下安装支架-3
2026-10-03 16:21:25,595 INFO  ExportHelperExtension.cs: 1125 - Retrieving features of type [CoordSys] from 减震器安装支架上-8
2026-10-03 16:21:25,596 INFO  ExportHelperExtension.cs: 1136 - Found 42 in 减震器安装支架上-8
2026-10-03 16:21:25,596 INFO  ExportHelperExtension.cs: 1145 - Found 0 features of type [CoordSys] in 减震器安装支架上-8
2026-10-03 16:21:25,596 INFO  ExportHelperExtension.cs: 1125 - Retrieving features of type [CoordSys] from 减震器安装支架上-9
2026-10-03 16:21:25,596 INFO  ExportHelperExtension.cs: 1136 - Found 42 in 减震器安装支架上-9
2026-10-03 16:21:25,596 INFO  ExportHelperExtension.cs: 1145 - Found 0 features of type [CoordSys] in 减震器安装支架上-9
2026-10-03 16:21:25,597 INFO  ExportHelperExtension.cs: 1125 - Retrieving features of type [CoordSys] from 减震器安装支架上-5
2026-10-03 16:21:25,597 INFO  ExportHelperExtension.cs: 1136 - Found 42 in 减震器安装支架上-5
2026-10-03 16:21:25,597 INFO  ExportHelperExtension.cs: 1145 - Found 0 features of type [CoordSys] in 减震器安装支架上-5
2026-10-03 16:21:25,597 INFO  ExportHelperExtension.cs: 1125 - Retrieving features of type [CoordSys] from 减震器-5
2026-10-03 16:21:25,598 INFO  ExportHelperExtension.cs: 1136 - Found 33 in 减震器-5
2026-10-03 16:21:25,598 INFO  ExportHelperExtension.cs: 1145 - Found 0 features of type [CoordSys] in 减震器-5
2026-10-03 16:21:25,598 INFO  ExportHelperExtension.cs: 1125 - Retrieving features of type [CoordSys] from 减震器安装支架上-4
2026-10-03 16:21:25,599 INFO  ExportHelperExtension.cs: 1136 - Found 42 in 减震器安装支架上-4
2026-10-03 16:21:25,599 INFO  ExportHelperExtension.cs: 1145 - Found 0 features of type [CoordSys] in 减震器安装支架上-4
2026-10-03 16:21:25,599 INFO  ExportHelperExtension.cs: 1125 - Retrieving features of type [CoordSys] from 减震器-6
2026-10-03 16:21:25,599 INFO  ExportHelperExtension.cs: 1136 - Found 33 in 减震器-6
2026-10-03 16:21:25,600 INFO  ExportHelperExtension.cs: 1145 - Found 0 features of type [CoordSys] in 减震器-6
2026-10-03 16:21:25,600 INFO  ExportHelperExtension.cs: 1125 - Retrieving features of type [CoordSys] from 减震器安装支架上-6
2026-10-03 16:21:25,600 INFO  ExportHelperExtension.cs: 1136 - Found 42 in 减震器安装支架上-6
2026-10-03 16:21:25,600 INFO  ExportHelperExtension.cs: 1145 - Found 0 features of type [CoordSys] in 减震器安装支架上-6
2026-10-03 16:21:25,600 INFO  ExportHelperExtension.cs: 1125 - Retrieving features of type [CoordSys] from 减震器-4
2026-10-03 16:21:25,602 INFO  ExportHelperExtension.cs: 1136 - Found 33 in 减震器-4
2026-10-03 16:21:25,602 INFO  ExportHelperExtension.cs: 1145 - Found 0 features of type [CoordSys] in 减震器-4
2026-10-03 16:21:25,602 INFO  ExportHelperExtension.cs: 1125 - Retrieving features of type [CoordSys] from 减震器-3
2026-10-03 16:21:25,602 INFO  ExportHelperExtension.cs: 1136 - Found 33 in 减震器-3
2026-10-03 16:21:25,602 INFO  ExportHelperExtension.cs: 1145 - Found 0 features of type [CoordSys] in 减震器-3
2026-10-03 16:21:25,603 INFO  ExportHelperExtension.cs: 1125 - Retrieving features of type [CoordSys] from 减震器安装支架上-7
2026-10-03 16:21:25,603 INFO  ExportHelperExtension.cs: 1136 - Found 42 in 减震器安装支架上-7
2026-10-03 16:21:25,603 INFO  ExportHelperExtension.cs: 1145 - Found 0 features of type [CoordSys] in 减震器安装支架上-7
2026-10-03 16:21:25,603 INFO  ExportHelperExtension.cs: 1125 - Retrieving features of type [CoordSys] from 减震器下安装支架-4
2026-10-03 16:21:25,604 INFO  ExportHelperExtension.cs: 1136 - Found 37 in 减震器下安装支架-4
2026-10-03 16:21:25,604 INFO  ExportHelperExtension.cs: 1145 - Found 0 features of type [CoordSys] in 减震器下安装支架-4
2026-10-03 16:21:25,604 INFO  ExportHelperExtension.cs: 1125 - Retrieving features of type [CoordSys] from 减震器-7
2026-10-03 16:21:25,605 INFO  ExportHelperExtension.cs: 1136 - Found 33 in 减震器-7
2026-10-03 16:21:25,605 INFO  ExportHelperExtension.cs: 1145 - Found 0 features of type [CoordSys] in 减震器-7
2026-10-03 16:21:25,605 INFO  ExportHelperExtension.cs: 1125 - Retrieving features of type [CoordSys] from 减震器-10
2026-10-03 16:21:25,605 INFO  ExportHelperExtension.cs: 1136 - Found 33 in 减震器-10
2026-10-03 16:21:25,606 INFO  ExportHelperExtension.cs: 1145 - Found 0 features of type [CoordSys] in 减震器-10
2026-10-03 16:21:25,606 INFO  ExportHelperExtension.cs: 1125 - Retrieving features of type [CoordSys] from 减震器-8
2026-10-03 16:21:25,606 INFO  ExportHelperExtension.cs: 1136 - Found 33 in 减震器-8
2026-10-03 16:21:25,606 INFO  ExportHelperExtension.cs: 1145 - Found 0 features of type [CoordSys] in 减震器-8
2026-10-03 16:21:25,607 INFO  ExportHelperExtension.cs: 1125 - Retrieving features of type [CoordSys] from 减震器-9
2026-10-03 16:21:25,607 INFO  ExportHelperExtension.cs: 1136 - Found 33 in 减震器-9
2026-10-03 16:21:25,607 INFO  ExportHelperExtension.cs: 1145 - Found 0 features of type [CoordSys] in 减震器-9
2026-10-03 16:21:25,607 INFO  ExportHelperExtension.cs: 1125 - Retrieving features of type [CoordSys] from 32X25合页-7
2026-10-03 16:21:25,608 INFO  ExportHelperExtension.cs: 1136 - Found 30 in 32X25合页-7
2026-10-03 16:21:25,608 INFO  ExportHelperExtension.cs: 1145 - Found 0 features of type [CoordSys] in 32X25合页-7
2026-10-03 16:21:25,608 INFO  ExportHelperExtension.cs: 1125 - Retrieving features of type [CoordSys] from 32X25合页-8
2026-10-03 16:21:25,609 INFO  ExportHelperExtension.cs: 1136 - Found 30 in 32X25合页-8
2026-10-03 16:21:25,609 INFO  ExportHelperExtension.cs: 1145 - Found 0 features of type [CoordSys] in 32X25合页-8
2026-10-03 16:21:25,609 INFO  ExportHelperExtension.cs: 1125 - Retrieving features of type [CoordSys] from 32X25合页-6
2026-10-03 16:21:25,609 INFO  ExportHelperExtension.cs: 1136 - Found 30 in 32X25合页-6
2026-10-03 16:21:25,610 INFO  ExportHelperExtension.cs: 1145 - Found 0 features of type [CoordSys] in 32X25合页-6
2026-10-03 16:21:25,610 INFO  ExportHelperExtension.cs: 1125 - Retrieving features of type [RefAxis] from “zongzhuangtu”FC.SLDASM
2026-10-03 16:21:25,610 INFO  ExportHelperExtension.cs: 1136 - Found 192 in “zongzhuangtu”FC.SLDASM
2026-10-03 16:21:25,611 INFO  ExportHelperExtension.cs: 1145 - Found 4 features of type [RefAxis] in “zongzhuangtu”FC.SLDASM
2026-10-03 16:21:25,611 INFO  ExportHelperExtension.cs: 1148 - Proceeding through assembly components
2026-10-03 16:21:25,611 INFO  ExportHelperExtension.cs: 1160 - 47 components to check
2026-10-03 16:21:25,612 INFO  ExportHelperExtension.cs: 1125 - Retrieving features of type [RefAxis] from 麦轮电机单位-4
2026-10-03 16:21:25,612 INFO  ExportHelperExtension.cs: 1136 - Found 39 in 麦轮电机单位-4
2026-10-03 16:21:25,612 INFO  ExportHelperExtension.cs: 1145 - Found 0 features of type [RefAxis] in 麦轮电机单位-4
2026-10-03 16:21:25,613 INFO  ExportHelperExtension.cs: 1125 - Retrieving features of type [RefAxis] from 32X25合页-5
2026-10-03 16:21:25,613 INFO  ExportHelperExtension.cs: 1136 - Found 30 in 32X25合页-5
2026-10-03 16:21:25,613 INFO  ExportHelperExtension.cs: 1145 - Found 0 features of type [RefAxis] in 32X25合页-5
2026-10-03 16:21:25,613 INFO  ExportHelperExtension.cs: 1125 - Retrieving features of type [RefAxis] from 麦轮电机底板3-3
2026-10-03 16:21:25,614 INFO  ExportHelperExtension.cs: 1136 - Found 36 in 麦轮电机底板3-3
2026-10-03 16:21:25,614 INFO  ExportHelperExtension.cs: 1145 - Found 0 features of type [RefAxis] in 麦轮电机底板3-3
2026-10-03 16:21:25,614 INFO  ExportHelperExtension.cs: 1125 - Retrieving features of type [RefAxis] from 麦轮电机单位-3
2026-10-03 16:21:25,615 INFO  ExportHelperExtension.cs: 1136 - Found 39 in 麦轮电机单位-3
2026-10-03 16:21:25,615 INFO  ExportHelperExtension.cs: 1145 - Found 0 features of type [RefAxis] in 麦轮电机单位-3
2026-10-03 16:21:25,615 INFO  ExportHelperExtension.cs: 1125 - Retrieving features of type [RefAxis] from 麦轮电机底板3-4
2026-10-03 16:21:25,615 INFO  ExportHelperExtension.cs: 1136 - Found 36 in 麦轮电机底板3-4
2026-10-03 16:21:25,616 INFO  ExportHelperExtension.cs: 1145 - Found 0 features of type [RefAxis] in 麦轮电机底板3-4
2026-10-03 16:21:25,616 INFO  ExportHelperExtension.cs: 1125 - Retrieving features of type [RefAxis] from 250mm铝方管3-1
2026-10-03 16:21:25,616 INFO  ExportHelperExtension.cs: 1136 - Found 33 in 250mm铝方管3-1
2026-10-03 16:21:25,617 INFO  ExportHelperExtension.cs: 1145 - Found 0 features of type [RefAxis] in 250mm铝方管3-1
2026-10-03 16:21:25,617 INFO  ExportHelperExtension.cs: 1125 - Retrieving features of type [RefAxis] from 麦轮电机底板3-1
2026-10-03 16:21:25,617 INFO  ExportHelperExtension.cs: 1136 - Found 36 in 麦轮电机底板3-1
2026-10-03 16:21:25,617 INFO  ExportHelperExtension.cs: 1145 - Found 0 features of type [RefAxis] in 麦轮电机底板3-1
2026-10-03 16:21:25,618 INFO  ExportHelperExtension.cs: 1125 - Retrieving features of type [RefAxis] from 麦轮电机单位-1
2026-10-03 16:21:25,618 INFO  ExportHelperExtension.cs: 1136 - Found 39 in 麦轮电机单位-1
2026-10-03 16:21:25,618 INFO  ExportHelperExtension.cs: 1145 - Found 0 features of type [RefAxis] in 麦轮电机单位-1
2026-10-03 16:21:25,618 INFO  ExportHelperExtension.cs: 1125 - Retrieving features of type [RefAxis] from 32X25合页-2
2026-10-03 16:21:25,618 INFO  ExportHelperExtension.cs: 1136 - Found 30 in 32X25合页-2
2026-10-03 16:21:25,620 INFO  ExportHelperExtension.cs: 1145 - Found 0 features of type [RefAxis] in 32X25合页-2
2026-10-03 16:21:25,620 INFO  ExportHelperExtension.cs: 1125 - Retrieving features of type [RefAxis] from 32X25合页-1
2026-10-03 16:21:25,620 INFO  ExportHelperExtension.cs: 1136 - Found 30 in 32X25合页-1
2026-10-03 16:21:25,621 INFO  ExportHelperExtension.cs: 1145 - Found 0 features of type [RefAxis] in 32X25合页-1
2026-10-03 16:21:25,621 INFO  ExportHelperExtension.cs: 1125 - Retrieving features of type [RefAxis] from 32X25合页-3
2026-10-03 16:21:25,621 INFO  ExportHelperExtension.cs: 1136 - Found 30 in 32X25合页-3
2026-10-03 16:21:25,621 INFO  ExportHelperExtension.cs: 1145 - Found 0 features of type [RefAxis] in 32X25合页-3
2026-10-03 16:21:25,622 INFO  ExportHelperExtension.cs: 1125 - Retrieving features of type [RefAxis] from 32X25合页-4
2026-10-03 16:21:25,622 INFO  ExportHelperExtension.cs: 1136 - Found 30 in 32X25合页-4
2026-10-03 16:21:25,622 INFO  ExportHelperExtension.cs: 1145 - Found 0 features of type [RefAxis] in 32X25合页-4
2026-10-03 16:21:25,622 INFO  ExportHelperExtension.cs: 1125 - Retrieving features of type [RefAxis] from 麦轮电机单位-2
2026-10-03 16:21:25,623 INFO  ExportHelperExtension.cs: 1136 - Found 39 in 麦轮电机单位-2
2026-10-03 16:21:25,623 INFO  ExportHelperExtension.cs: 1145 - Found 0 features of type [RefAxis] in 麦轮电机单位-2
2026-10-03 16:21:25,623 INFO  ExportHelperExtension.cs: 1125 - Retrieving features of type [RefAxis] from 250mm铝方管-1
2026-10-03 16:21:25,623 INFO  ExportHelperExtension.cs: 1136 - Found 33 in 250mm铝方管-1
2026-10-03 16:21:25,624 INFO  ExportHelperExtension.cs: 1145 - Found 0 features of type [RefAxis] in 250mm铝方管-1
2026-10-03 16:21:25,624 INFO  ExportHelperExtension.cs: 1125 - Retrieving features of type [RefAxis] from 麦轮电机底板3-2
2026-10-03 16:21:25,624 INFO  ExportHelperExtension.cs: 1136 - Found 36 in 麦轮电机底板3-2
2026-10-03 16:21:25,625 INFO  ExportHelperExtension.cs: 1145 - Found 0 features of type [RefAxis] in 麦轮电机底板3-2
2026-10-03 16:21:25,625 INFO  ExportHelperExtension.cs: 1125 - Retrieving features of type [RefAxis] from 250mm铝方管-2
2026-10-03 16:21:25,625 INFO  ExportHelperExtension.cs: 1136 - Found 33 in 250mm铝方管-2
2026-10-03 16:21:25,625 INFO  ExportHelperExtension.cs: 1145 - Found 0 features of type [RefAxis] in 250mm铝方管-2
2026-10-03 16:21:25,626 INFO  ExportHelperExtension.cs: 1125 - Retrieving features of type [RefAxis] from 450mm铝方管-2
2026-10-03 16:21:25,639 INFO  ExportHelperExtension.cs: 1136 - Found 31 in 450mm铝方管-2
2026-10-03 16:21:25,639 INFO  ExportHelperExtension.cs: 1145 - Found 0 features of type [RefAxis] in 450mm铝方管-2
2026-10-03 16:21:25,639 INFO  ExportHelperExtension.cs: 1125 - Retrieving features of type [RefAxis] from 地面-1
2026-10-03 16:21:25,640 INFO  ExportHelperExtension.cs: 1136 - Found 27 in 地面-1
2026-10-03 16:21:25,640 INFO  ExportHelperExtension.cs: 1145 - Found 0 features of type [RefAxis] in 地面-1
2026-10-03 16:21:25,640 INFO  ExportHelperExtension.cs: 1125 - Retrieving features of type [RefAxis] from 减震器下安装支架-2
2026-10-03 16:21:25,640 INFO  ExportHelperExtension.cs: 1136 - Found 37 in 减震器下安装支架-2
2026-10-03 16:21:25,641 INFO  ExportHelperExtension.cs: 1145 - Found 0 features of type [RefAxis] in 减震器下安装支架-2
2026-10-03 16:21:25,641 INFO  ExportHelperExtension.cs: 1125 - Retrieving features of type [RefAxis] from 250mm铝方管3-2
2026-10-03 16:21:25,641 INFO  ExportHelperExtension.cs: 1136 - Found 33 in 250mm铝方管3-2
2026-10-03 16:21:25,642 INFO  ExportHelperExtension.cs: 1145 - Found 0 features of type [RefAxis] in 250mm铝方管3-2
2026-10-03 16:21:25,642 INFO  ExportHelperExtension.cs: 1125 - Retrieving features of type [RefAxis] from 450mm铝方管-1
2026-10-03 16:21:25,642 INFO  ExportHelperExtension.cs: 1136 - Found 31 in 450mm铝方管-1
2026-10-03 16:21:25,642 INFO  ExportHelperExtension.cs: 1145 - Found 0 features of type [RefAxis] in 450mm铝方管-1
2026-10-03 16:21:25,643 INFO  ExportHelperExtension.cs: 1125 - Retrieving features of type [RefAxis] from 底盘亚克力减震板4-1
2026-10-03 16:21:25,643 INFO  ExportHelperExtension.cs: 1136 - Found 42 in 底盘亚克力减震板4-1
2026-10-03 16:21:25,643 INFO  ExportHelperExtension.cs: 1145 - Found 0 features of type [RefAxis] in 底盘亚克力减震板4-1
2026-10-03 16:21:25,644 INFO  ExportHelperExtension.cs: 1125 - Retrieving features of type [RefAxis] from 底盘亚克力减震板4-2
2026-10-03 16:21:25,644 INFO  ExportHelperExtension.cs: 1136 - Found 42 in 底盘亚克力减震板4-2
2026-10-03 16:21:25,644 INFO  ExportHelperExtension.cs: 1145 - Found 0 features of type [RefAxis] in 底盘亚克力减震板4-2
2026-10-03 16:21:25,644 INFO  ExportHelperExtension.cs: 1125 - Retrieving features of type [RefAxis] from 减震器安装支架上-1
2026-10-03 16:21:25,645 INFO  ExportHelperExtension.cs: 1136 - Found 42 in 减震器安装支架上-1
2026-10-03 16:21:25,645 INFO  ExportHelperExtension.cs: 1145 - Found 0 features of type [RefAxis] in 减震器安装支架上-1
2026-10-03 16:21:25,645 INFO  ExportHelperExtension.cs: 1125 - Retrieving features of type [RefAxis] from 底盘亚克力减震板42-1
2026-10-03 16:21:25,646 INFO  ExportHelperExtension.cs: 1136 - Found 44 in 底盘亚克力减震板42-1
2026-10-03 16:21:25,646 INFO  ExportHelperExtension.cs: 1145 - Found 0 features of type [RefAxis] in 底盘亚克力减震板42-1
2026-10-03 16:21:25,646 INFO  ExportHelperExtension.cs: 1125 - Retrieving features of type [RefAxis] from 减震器下安装支架-1
2026-10-03 16:21:25,646 INFO  ExportHelperExtension.cs: 1136 - Found 37 in 减震器下安装支架-1
2026-10-03 16:21:25,647 INFO  ExportHelperExtension.cs: 1145 - Found 0 features of type [RefAxis] in 减震器下安装支架-1
2026-10-03 16:21:25,647 INFO  ExportHelperExtension.cs: 1125 - Retrieving features of type [RefAxis] from 减震器安装支架上-3
2026-10-03 16:21:25,647 INFO  ExportHelperExtension.cs: 1136 - Found 42 in 减震器安装支架上-3
2026-10-03 16:21:25,647 INFO  ExportHelperExtension.cs: 1145 - Found 0 features of type [RefAxis] in 减震器安装支架上-3
2026-10-03 16:21:25,648 INFO  ExportHelperExtension.cs: 1125 - Retrieving features of type [RefAxis] from 底盘亚克力减震板42-2
2026-10-03 16:21:25,648 INFO  ExportHelperExtension.cs: 1136 - Found 44 in 底盘亚克力减震板42-2
2026-10-03 16:21:25,648 INFO  ExportHelperExtension.cs: 1145 - Found 0 features of type [RefAxis] in 底盘亚克力减震板42-2
2026-10-03 16:21:25,649 INFO  ExportHelperExtension.cs: 1125 - Retrieving features of type [RefAxis] from 减震器下安装支架-3
2026-10-03 16:21:25,649 INFO  ExportHelperExtension.cs: 1136 - Found 37 in 减震器下安装支架-3
2026-10-03 16:21:25,649 INFO  ExportHelperExtension.cs: 1145 - Found 0 features of type [RefAxis] in 减震器下安装支架-3
2026-10-03 16:21:25,649 INFO  ExportHelperExtension.cs: 1125 - Retrieving features of type [RefAxis] from 减震器安装支架上-8
2026-10-03 16:21:25,650 INFO  ExportHelperExtension.cs: 1136 - Found 42 in 减震器安装支架上-8
2026-10-03 16:21:25,650 INFO  ExportHelperExtension.cs: 1145 - Found 0 features of type [RefAxis] in 减震器安装支架上-8
2026-10-03 16:21:25,650 INFO  ExportHelperExtension.cs: 1125 - Retrieving features of type [RefAxis] from 减震器安装支架上-9
2026-10-03 16:21:25,650 INFO  ExportHelperExtension.cs: 1136 - Found 42 in 减震器安装支架上-9
2026-10-03 16:21:25,651 INFO  ExportHelperExtension.cs: 1145 - Found 0 features of type [RefAxis] in 减震器安装支架上-9
2026-10-03 16:21:25,651 INFO  ExportHelperExtension.cs: 1125 - Retrieving features of type [RefAxis] from 减震器安装支架上-5
2026-10-03 16:21:25,651 INFO  ExportHelperExtension.cs: 1136 - Found 42 in 减震器安装支架上-5
2026-10-03 16:21:25,652 INFO  ExportHelperExtension.cs: 1145 - Found 0 features of type [RefAxis] in 减震器安装支架上-5
2026-10-03 16:21:25,652 INFO  ExportHelperExtension.cs: 1125 - Retrieving features of type [RefAxis] from 减震器-5
2026-10-03 16:21:25,652 INFO  ExportHelperExtension.cs: 1136 - Found 33 in 减震器-5
2026-10-03 16:21:25,652 INFO  ExportHelperExtension.cs: 1145 - Found 0 features of type [RefAxis] in 减震器-5
2026-10-03 16:21:25,653 INFO  ExportHelperExtension.cs: 1125 - Retrieving features of type [RefAxis] from 减震器安装支架上-4
2026-10-03 16:21:25,653 INFO  ExportHelperExtension.cs: 1136 - Found 42 in 减震器安装支架上-4
2026-10-03 16:21:25,653 INFO  ExportHelperExtension.cs: 1145 - Found 0 features of type [RefAxis] in 减震器安装支架上-4
2026-10-03 16:21:25,654 INFO  ExportHelperExtension.cs: 1125 - Retrieving features of type [RefAxis] from 减震器-6
2026-10-03 16:21:25,654 INFO  ExportHelperExtension.cs: 1136 - Found 33 in 减震器-6
2026-10-03 16:21:25,654 INFO  ExportHelperExtension.cs: 1145 - Found 0 features of type [RefAxis] in 减震器-6
2026-10-03 16:21:25,654 INFO  ExportHelperExtension.cs: 1125 - Retrieving features of type [RefAxis] from 减震器安装支架上-6
2026-10-03 16:21:25,655 INFO  ExportHelperExtension.cs: 1136 - Found 42 in 减震器安装支架上-6
2026-10-03 16:21:25,655 INFO  ExportHelperExtension.cs: 1145 - Found 0 features of type [RefAxis] in 减震器安装支架上-6
2026-10-03 16:21:25,655 INFO  ExportHelperExtension.cs: 1125 - Retrieving features of type [RefAxis] from 减震器-4
2026-10-03 16:21:25,655 INFO  ExportHelperExtension.cs: 1136 - Found 33 in 减震器-4
2026-10-03 16:21:25,656 INFO  ExportHelperExtension.cs: 1145 - Found 0 features of type [RefAxis] in 减震器-4
2026-10-03 16:21:25,656 INFO  ExportHelperExtension.cs: 1125 - Retrieving features of type [RefAxis] from 减震器-3
2026-10-03 16:21:25,656 INFO  ExportHelperExtension.cs: 1136 - Found 33 in 减震器-3
2026-10-03 16:21:25,657 INFO  ExportHelperExtension.cs: 1145 - Found 0 features of type [RefAxis] in 减震器-3
2026-10-03 16:21:25,657 INFO  ExportHelperExtension.cs: 1125 - Retrieving features of type [RefAxis] from 减震器安装支架上-7
2026-10-03 16:21:25,657 INFO  ExportHelperExtension.cs: 1136 - Found 42 in 减震器安装支架上-7
2026-10-03 16:21:25,657 INFO  ExportHelperExtension.cs: 1145 - Found 0 features of type [RefAxis] in 减震器安装支架上-7
2026-10-03 16:21:25,658 INFO  ExportHelperExtension.cs: 1125 - Retrieving features of type [RefAxis] from 减震器下安装支架-4
2026-10-03 16:21:25,658 INFO  ExportHelperExtension.cs: 1136 - Found 37 in 减震器下安装支架-4
2026-10-03 16:21:25,658 INFO  ExportHelperExtension.cs: 1145 - Found 0 features of type [RefAxis] in 减震器下安装支架-4
2026-10-03 16:21:25,658 INFO  ExportHelperExtension.cs: 1125 - Retrieving features of type [RefAxis] from 减震器-7
2026-10-03 16:21:25,659 INFO  ExportHelperExtension.cs: 1136 - Found 33 in 减震器-7
2026-10-03 16:21:25,659 INFO  ExportHelperExtension.cs: 1145 - Found 0 features of type [RefAxis] in 减震器-7
2026-10-03 16:21:25,659 INFO  ExportHelperExtension.cs: 1125 - Retrieving features of type [RefAxis] from 减震器-10
2026-10-03 16:21:25,659 INFO  ExportHelperExtension.cs: 1136 - Found 33 in 减震器-10
2026-10-03 16:21:25,660 INFO  ExportHelperExtension.cs: 1145 - Found 0 features of type [RefAxis] in 减震器-10
2026-10-03 16:21:25,660 INFO  ExportHelperExtension.cs: 1125 - Retrieving features of type [RefAxis] from 减震器-8
2026-10-03 16:21:25,660 INFO  ExportHelperExtension.cs: 1136 - Found 33 in 减震器-8
2026-10-03 16:21:25,661 INFO  ExportHelperExtension.cs: 1145 - Found 0 features of type [RefAxis] in 减震器-8
2026-10-03 16:21:25,661 INFO  ExportHelperExtension.cs: 1125 - Retrieving features of type [RefAxis] from 减震器-9
2026-10-03 16:21:25,661 INFO  ExportHelperExtension.cs: 1136 - Found 33 in 减震器-9
2026-10-03 16:21:25,661 INFO  ExportHelperExtension.cs: 1145 - Found 0 features of type [RefAxis] in 减震器-9
2026-10-03 16:21:25,662 INFO  ExportHelperExtension.cs: 1125 - Retrieving features of type [RefAxis] from 32X25合页-7
2026-10-03 16:21:25,662 INFO  ExportHelperExtension.cs: 1136 - Found 30 in 32X25合页-7
2026-10-03 16:21:25,662 INFO  ExportHelperExtension.cs: 1145 - Found 0 features of type [RefAxis] in 32X25合页-7
2026-10-03 16:21:25,662 INFO  ExportHelperExtension.cs: 1125 - Retrieving features of type [RefAxis] from 32X25合页-8
2026-10-03 16:21:25,662 INFO  ExportHelperExtension.cs: 1136 - Found 30 in 32X25合页-8
2026-10-03 16:21:25,663 INFO  ExportHelperExtension.cs: 1145 - Found 0 features of type [RefAxis] in 32X25合页-8
2026-10-03 16:21:25,663 INFO  ExportHelperExtension.cs: 1125 - Retrieving features of type [RefAxis] from 32X25合页-6
2026-10-03 16:21:25,663 INFO  ExportHelperExtension.cs: 1136 - Found 30 in 32X25合页-6
2026-10-03 16:21:25,664 INFO  ExportHelperExtension.cs: 1145 - Found 0 features of type [RefAxis] in 32X25合页-6
2026-10-03 16:21:25,742 INFO  ExportPropertyManager.cs: 1142 - AfterClose called. This method no longer throws an Exception. It just silently does nothing. Ok, except for this logging message
2026-10-03 16:28:33,090 INFO  AssemblyExportForm.cs: 253 - Completing URDF export
2026-10-03 16:28:33,097 INFO  ConfigurationSerialization.cs: 276 - URDF Configuration found
<Link z:Id="i1" xmlns="http://schemas.datacontract.org/2004/07/SW2URDF" xmlns:i="http://www.w3.org/2001/XMLSchema-instance" xmlns:z="http://schemas.microsoft.com/2003/10/Serialization/"><Attributes><Attribute z:Id="i2"><AttributeType>name</AttributeType><IsRequired>true</IsRequired><Value i:type="a:string" xmlns:a="http://www.w3.org/2001/XMLSchema">base_link</Value></Attribute></Attributes><ChildElements><URDFElement z:Id="i3" i:type="Inertial"><Attributes/><ChildElements><URDFElement z:Id="i4" i:type="Origin"><Attributes><Attribute z:Id="i5"><AttributeType>xyz</AttributeType><IsRequired>true</IsRequired><Value i:type="a:ArrayOfdouble" xmlns:a="http://schemas.microsoft.com/2003/10/Serialization/Arrays"><a:double>0</a:double><a:double>0</a:double><a:double>0</a:double></Value></Attribute><Attribute z:Id="i6"><AttributeType>rpy</AttributeType><IsRequired>true</IsRequired><Value i:type="a:ArrayOfdouble" xmlns:a="http://schemas.microsoft.com/2003/10/Serialization/Arrays"><a:double>0</a:double><a:double>0</a:double><a:double>0</a:double></Value></Attribute></Attributes><ChildElements/><ElementName>origin</ElementName><required>false</required><RPYAttribute z:Ref="i6"/><XYZAttribute z:Ref="i5"/><isCustomized>false</isCustomized></URDFElement><URDFElement z:Id="i7" i:type="Mass"><Attributes><Attribute z:Id="i8"><AttributeType>value</AttributeType><IsRequired>true</IsRequired><Value i:type="a:double" xmlns:a="http://www.w3.org/2001/XMLSchema">0</Value></Attribute></Attributes><ChildElements/><ElementName>mass</ElementName><required>false</required><ValueAttribute z:Ref="i8"/></URDFElement><URDFElement z:Id="i9" i:type="Inertia"><Attributes><Attribute z:Id="i10"><AttributeType>ixx</AttributeType><IsRequired>true</IsRequired><Value i:type="a:double" xmlns:a="http://www.w3.org/2001/XMLSchema">0</Value></Attribute><Attribute z:Id="i11"><AttributeType>ixy</AttributeType><IsRequired>true</IsRequired><Value i:type="a:double" xmlns:a="http://www.w3.org/2001/XMLSchema">0</Value></Attribute><Attribute z:Id="i12"><AttributeType>ixz</AttributeType><IsRequired>true</IsRequired><Value i:type="a:double" xmlns:a="http://www.w3.org/2001/XMLSchema">0</Value></Attribute><Attribute z:Id="i13"><AttributeType>iyy</AttributeType><IsRequired>true</IsRequired><Value i:type="a:double" xmlns:a="http://www.w3.org/2001/XMLSchema">0</Value></Attribute><Attribute z:Id="i14"><AttributeType>iyz</AttributeType><IsRequired>true</IsRequired><Value i:type="a:double" xmlns:a="http://www.w3.org/2001/XMLSchema">0</Value></Attribute><Attribute z:Id="i15"><AttributeType>izz</AttributeType><IsRequired>true</IsRequired><Value i:type="a:double" xmlns:a="http://www.w3.org/2001/XMLSchema">0</Value></Attribute></Attributes><ChildElements/><ElementName>inertia</ElementName><required>false</required><IxxAttribute z:Ref="i10"/><IxyAttribute z:Ref="i11"/><IxzAttribute z:Ref="i12"/><IyyAttribute z:Ref="i13"/><IyzAttribute z:Ref="i14"/><IzzAttribute z:Ref="i15"/></URDFElement></ChildElements><ElementName>inertial</ElementName><required>false</required><Inertia z:Ref="i9"/><Mass z:Ref="i7"/><Origin z:Ref="i4"/></URDFElement><URDFElement z:Id="i16" i:type="Visual"><Attributes/><ChildElements><URDFElement z:Id="i17" i:type="Origin"><Attributes><Attribute z:Id="i18"><AttributeType>xyz</AttributeType><IsRequired>true</IsRequired><Value i:type="a:ArrayOfdouble" xmlns:a="http://schemas.microsoft.com/2003/10/Serialization/Arrays"><a:double>0</a:double><a:double>0</a:double><a:double>0</a:double></Value></Attribute><Attribute z:Id="i19"><AttributeType>rpy</AttributeType><IsRequired>true</IsRequired><Value i:type="a:ArrayOfdouble" xmlns:a="http://schemas.microsoft.com/2003/10/Serialization/Arrays"><a:double>0</a:double><a:double>0</a:double><a:double>0</a:double></Value></Attribute></Attributes><ChildElements/><ElementName>origin</ElementName><required>false</required><RPYAttribute z:Ref="i19"/><XYZAttribute z:Ref="i18"/><isCustomized>false</isCustomized></URDFElement><URDFElement z:Id="i20" i:type="Geometry"><Attributes/><ChildElements><URDFElement z:Id="i21" i:type="Mesh"><Attributes><Attribute z:Id="i22"><AttributeType>filename</AttributeType><IsRequired>true</IsRequired><Value i:nil="true"/></Attribute></Attributes><ChildElements/><ElementName>mesh</ElementName><required>false</required><FilenameAttribute z:Ref="i22"/></URDFElement></ChildElements><ElementName>geometry</ElementName><required>true</required><Mesh z:Ref="i21"/></URDFElement><URDFElement z:Id="i23" i:type="Material"><Attributes><Attribute z:Id="i24"><AttributeType>name</AttributeType><IsRequired>true</IsRequired><Value i:type="a:string" xmlns:a="http://www.w3.org/2001/XMLSchema"/></Attribute></Attributes><ChildElements><URDFElement z:Id="i25" i:type="Color"><Attributes><Attribute z:Id="i26"><AttributeType>rgba</AttributeType><IsRequired>true</IsRequired><Value i:type="a:ArrayOfdouble" xmlns:a="http://schemas.microsoft.com/2003/10/Serialization/Arrays"><a:double>1</a:double><a:double>1</a:double><a:double>1</a:double><a:double>1</a:double></Value></Attribute></Attributes><ChildElements/><ElementName>color</ElementName><required>false</required><RGBAAttribute z:Ref="i26"/></URDFElement><URDFElement z:Id="i27" i:type="Texture"><Attributes><Attribute z:Id="i28"><AttributeType>filename</AttributeType><IsRequired>true</IsRequired><Value i:nil="true"/></Attribute></Attributes><ChildElements/><ElementName>texture</ElementName><required>false</required><FilenameAttribute z:Ref="i28"/><wFilename/></URDFElement></ChildElements><ElementName>material</ElementName><required>false</required><Color z:Ref="i25"/><NameAttribute z:Ref="i24"/><Texture z:Ref="i27"/></URDFElement></ChildElements><ElementName>visual</ElementName><required>false</required><Geometry z:Ref="i20"/><Material z:Ref="i23"/><Origin z:Ref="i17"/></URDFElement><URDFElement z:Id="i29" i:type="Collision"><Attributes/><ChildElements><URDFElement z:Id="i30" i:type="Origin"><Attributes><Attribute z:Id="i31"><AttributeType>xyz</AttributeType><IsRequired>true</IsRequired><Value i:type="a:ArrayOfdouble" xmlns:a="http://schemas.microsoft.com/2003/10/Serialization/Arrays"><a:double>0</a:double><a:double>0</a:double><a:double>0</a:double></Value></Attribute><Attribute z:Id="i32"><AttributeType>rpy</AttributeType><IsRequired>true</IsRequired><Value i:type="a:ArrayOfdouble" xmlns:a="http://schemas.microsoft.com/2003/10/Serialization/Arrays"><a:double>0</a:double><a:double>0</a:double><a:double>0</a:double></Value></Attribute></Attributes><ChildElements/><ElementName>origin</ElementName><required>false</required><RPYAttribute z:Ref="i32"/><XYZAttribute z:Ref="i31"/><isCustomized>false</isCustomized></URDFElement><URDFElement z:Id="i33" i:type="Geometry"><Attributes/><ChildElements><URDFElement z:Id="i34" i:type="Mesh"><Attributes><Attribute z:Id="i35"><AttributeType>filename</AttributeType><IsRequired>true</IsRequired><Value i:nil="true"/></Attribute></Attributes><ChildElements/><ElementName>mesh</ElementName><required>false</required><FilenameAttribute z:Ref="i35"/></URDFElement></ChildElements><ElementName>geometry</ElementName><required>true</required><Mesh z:Ref="i34"/></URDFElement></ChildElements><ElementName>collision</ElementName><required>false</required><Geometry z:Ref="i33"/><Origin z:Ref="i30"/></URDFElement><URDFElement z:Id="i36" i:type="Joint"><Attributes><Attribute z:Id="i37"><AttributeType>name</AttributeType><IsRequired>true</IsRequired><Value i:type="a:string" xmlns:a="http://www.w3.org/2001/XMLSchema"/></Attribute><Attribute z:Id="i38"><AttributeType>type</AttributeType><IsRequired>true</IsRequired><Value i:type="a:string" xmlns:a="http://www.w3.org/2001/XMLSchema"/></Attribute></Attributes><ChildElements><URDFElement z:Id="i39" i:type="Origin"><Attributes><Attribute z:Id="i40"><AttributeType>xyz</AttributeType><IsRequired>true</IsRequired><Value i:type="a:ArrayOfdouble" xmlns:a="http://schemas.microsoft.com/2003/10/Serialization/Arrays"><a:double>0</a:double><a:double>0</a:double><a:double>0</a:double></Value></Attribute><Attribute z:Id="i41"><AttributeType>rpy</AttributeType><IsRequired>true</IsRequired><Value i:type="a:ArrayOfdouble" xmlns:a="http://schemas.microsoft.com/2003/10/Serialization/Arrays"><a:double>0</a:double><a:double>0</a:double><a:double>0</a:double></Value></Attribute></Attributes><ChildElements/><ElementName>origin</ElementName><required>false</required><RPYAttribute z:Ref="i41"/><XYZAttribute z:Ref="i40"/><isCustomized>false</isCustomized></URDFElement><URDFElement z:Id="i42" i:type="ParentLink"><Attributes><Attribute z:Id="i43"><AttributeType>link</AttributeType><IsRequired>true</IsRequired><Value i:type="a:string" xmlns:a="http://www.w3.org/2001/XMLSchema"/></Attribute></Attributes><ChildElements/><ElementName>parent</ElementName><required>true</required><NameAttribute z:Ref="i43"/></URDFElement><URDFElement z:Id="i44" i:type="ChildLink"><Attributes><Attribute z:Id="i45"><AttributeType>link</AttributeType><IsRequired>true</IsRequired><Value i:type="a:string" xmlns:a="http://www.w3.org/2001/XMLSchema"/></Attribute></Attributes><ChildElements/><ElementName>child</ElementName><required>true</required><NameAttribute z:Ref="i45"/></URDFElement><URDFElement z:Id="i46" i:type="Axis"><Attributes><Attribute z:Id="i47"><AttributeType>xyz</AttributeType><IsRequired>true</IsRequired><Value i:type="a:ArrayOfdouble" xmlns:a="http://schemas.microsoft.com/2003/10/Serialization/Arrays"><a:double>0</a:double><a:double>0</a:double><a:double>0</a:double></Value></Attribute></Attributes><ChildElements/><ElementName>axis</ElementName><required>false</required><XYZAttribute z:Ref="i47"/></URDFElement><URDFElement z:Id="i48" i:type="Limit"><Attributes><Attribute z:Id="i49"><AttributeType>lower</AttributeType><IsRequired>false</IsRequired><Value i:nil="true"/></Attribute><Attribute z:Id="i50"><AttributeType>upper</AttributeType><IsRequired>false</IsRequired><Value i:nil="true"/></Attribute><Attribute z:Id="i51"><AttributeType>effort</AttributeType><IsRequired>true</IsRequired><Value i:nil="true"/></Attribute><Attribute z:Id="i52"><AttributeType>velocity</AttributeType><IsRequired>true</IsRequired><Value i:nil="true"/></Attribute></Attributes><ChildElements/><ElementName>limit</ElementName><required>false</required><EffortAttribute z:Ref="i51"/><LowerAttribute z:Ref="i49"/><UpperAttribute z:Ref="i50"/><VelocityAttribute z:Ref="i52"/></URDFElement><URDFElement z:Id="i53" i:type="Calibration"><Attributes><Attribute z:Id="i54"><AttributeType>rising</AttributeType><IsRequired>false</IsRequired><Value i:nil="true"/></Attribute><Attribute z:Id="i55"><AttributeType>falling</AttributeType><IsRequired>false</IsRequired><Value i:nil="true"/></Attribute></Attributes><ChildElements/><ElementName>calibration</ElementName><required>false</required><FallingAttribute z:Ref="i55"/><RisingAttribute z:Ref="i54"/></URDFElement><URDFElement z:Id="i56" i:type="Dynamics"><Attributes><Attribute z:Id="i57"><AttributeType>damping</AttributeType><IsRequired>false</IsRequired><Value i:nil="true"/></Attribute><Attribute z:Id="i58"><AttributeType>friction</AttributeType><IsRequired>false</IsRequired><Value i:nil="true"/></Attribute></Attributes><ChildElements/><ElementName>dynamics</ElementName><required>false</required><DampingAttribute z:Ref="i57"/><FrictionAttribute z:Ref="i58"/></URDFElement><URDFElement z:Id="i59" i:type="SafetyController"><Attributes><Attribute z:Id="i60"><AttributeType>soft_upper_limit</AttributeType><IsRequired>false</IsRequired><Value i:nil="true"/></Attribute><Attribute z:Id="i61"><AttributeType>soft_lower_limit</AttributeType><IsRequired>false</IsRequired><Value i:nil="true"/></Attribute><Attribute z:Id="i62"><AttributeType>k_position</AttributeType><IsRequired>false</IsRequired><Value i:nil="true"/></Attribute><Attribute z:Id="i63"><AttributeType>k_velocity</AttributeType><IsRequired>true</IsRequired><Value i:nil="true"/></Attribute></Attributes><ChildElements/><ElementName>safety_controller</ElementName><required>false</required><KPositionAttribute z:Ref="i62"/><KVelocityAttribute z:Ref="i63"/><SoftLowerAttribute z:Ref="i61"/><SoftUpperAttribute z:Ref="i60"/></URDFElement><URDFElement z:Id="i64" i:type="Mimic"><Attributes><Attribute z:Id="i65"><AttributeType>joint</AttributeType><IsRequired>true</IsRequired><Value i:nil="true"/></Attribute><Attribute z:Id="i66"><AttributeType>multiplier</AttributeType><IsRequired>false</IsRequired><Value i:nil="true"/></Attribute><Attribute z:Id="i67"><AttributeType>offset</AttributeType><IsRequired>false</IsRequired><Value i:nil="true"/></Attribute></Attributes><ChildElements/><ElementName>mimic</ElementName><required>false</required><JointNameAttribute z:Ref="i65"/><MultiplierAttribute z:Ref="i66"/><OffsetAttribute z:Ref="i67"/></URDFElement></ChildElements><ElementName>joint</ElementName><required>false</required><Axis z:Ref="i46"/><AxisName/><Calibration z:Ref="i53"/><Child z:Ref="i44"/><CoordinateSystemName>Automatically Generate</CoordinateSystemName><Dynamics z:Ref="i56"/><Limit z:Ref="i48"/><Mimic z:Ref="i64"/><NameAttribute z:Ref="i37"/><Origin z:Ref="i39"/><Parent z:Ref="i42"/><Safety z:Ref="i59"/><TypeAttribute z:Ref="i38"/></URDFElement></ChildElements><ElementName>link</ElementName><required>true</required><Children><Link z:Id="i68"><Attributes><Attribute z:Id="i69"><AttributeType>name</AttributeType><IsRequired>true</IsRequired><Value i:type="a:string" xmlns:a="http://www.w3.org/2001/XMLSchema">Link1</Value></Attribute></Attributes><ChildElements><URDFElement z:Id="i70" i:type="Inertial"><Attributes/><ChildElements><URDFElement z:Id="i71" i:type="Origin"><Attributes><Attribute z:Id="i72"><AttributeType>xyz</AttributeType><IsRequired>true</IsRequired><Value i:type="a:ArrayOfdouble" xmlns:a="http://schemas.microsoft.com/2003/10/Serialization/Arrays"><a:double>0</a:double><a:double>0</a:double><a:double>0</a:double></Value></Attribute><Attribute z:Id="i73"><AttributeType>rpy</AttributeType><IsRequired>true</IsRequired><Value i:type="a:ArrayOfdouble" xmlns:a="http://schemas.microsoft.com/2003/10/Serialization/Arrays"><a:double>0</a:double><a:double>0</a:double><a:double>0</a:double></Value></Attribute></Attributes><ChildElements/><ElementName>origin</ElementName><required>false</required><RPYAttribute z:Ref="i73"/><XYZAttribute z:Ref="i72"/><isCustomized>false</isCustomized></URDFElement><URDFElement z:Id="i74" i:type="Mass"><Attributes><Attribute z:Id="i75"><AttributeType>value</AttributeType><IsRequired>true</IsRequired><Value i:type="a:double" xmlns:a="http://www.w3.org/2001/XMLSchema">0</Value></Attribute></Attributes><ChildElements/><ElementName>mass</ElementName><required>false</required><ValueAttribute z:Ref="i75"/></URDFElement><URDFElement z:Id="i76" i:type="Inertia"><Attributes><Attribute z:Id="i77"><AttributeType>ixx</AttributeType><IsRequired>true</IsRequired><Value i:type="a:double" xmlns:a="http://www.w3.org/2001/XMLSchema">0</Value></Attribute><Attribute z:Id="i78"><AttributeType>ixy</AttributeType><IsRequired>true</IsRequired><Value i:type="a:double" xmlns:a="http://www.w3.org/2001/XMLSchema">0</Value></Attribute><Attribute z:Id="i79"><AttributeType>ixz</AttributeType><IsRequired>true</IsRequired><Value i:type="a:double" xmlns:a="http://www.w3.org/2001/XMLSchema">0</Value></Attribute><Attribute z:Id="i80"><AttributeType>iyy</AttributeType><IsRequired>true</IsRequired><Value i:type="a:double" xmlns:a="http://www.w3.org/2001/XMLSchema">0</Value></Attribute><Attribute z:Id="i81"><AttributeType>iyz</AttributeType><IsRequired>true</IsRequired><Value i:type="a:double" xmlns:a="http://www.w3.org/2001/XMLSchema">0</Value></Attribute><Attribute z:Id="i82"><AttributeType>izz</AttributeType><IsRequired>true</IsRequired><Value i:type="a:double" xmlns:a="http://www.w3.org/2001/XMLSchema">0</Value></Attribute></Attributes><ChildElements/><ElementName>inertia</ElementName><required>false</required><IxxAttribute z:Ref="i77"/><IxyAttribute z:Ref="i78"/><IxzAttribute z:Ref="i79"/><IyyAttribute z:Ref="i80"/><IyzAttribute z:Ref="i81"/><IzzAttribute z:Ref="i82"/></URDFElement></ChildElements><ElementName>inertial</ElementName><required>false</required><Inertia z:Ref="i76"/><Mass z:Ref="i74"/><Origin z:Ref="i71"/></URDFElement><URDFElement z:Id="i83" i:type="Visual"><Attributes/><ChildElements><URDFElement z:Id="i84" i:type="Origin"><Attributes><Attribute z:Id="i85"><AttributeType>xyz</AttributeType><IsRequired>true</IsRequired><Value i:type="a:ArrayOfdouble" xmlns:a="http://schemas.microsoft.com/2003/10/Serialization/Arrays"><a:double>0</a:double><a:double>0</a:double><a:double>0</a:double></Value></Attribute><Attribute z:Id="i86"><AttributeType>rpy</AttributeType><IsRequired>true</IsRequired><Value i:type="a:ArrayOfdouble" xmlns:a="http://schemas.microsoft.com/2003/10/Serialization/Arrays"><a:double>0</a:double><a:double>0</a:double><a:double>0</a:double></Value></Attribute></Attributes><ChildElements/><ElementName>origin</ElementName><required>false</required><RPYAttribute z:Ref="i86"/><XYZAttribute z:Ref="i85"/><isCustomized>false</isCustomized></URDFElement><URDFElement z:Id="i87" i:type="Geometry"><Attributes/><ChildElements><URDFElement z:Id="i88" i:type="Mesh"><Attributes><Attribute z:Id="i89"><AttributeType>filename</AttributeType><IsRequired>true</IsRequired><Value i:nil="true"/></Attribute></Attributes><ChildElements/><ElementName>mesh</ElementName><required>false</required><FilenameAttribute z:Ref="i89"/></URDFElement></ChildElements><ElementName>geometry</ElementName><required>true</required><Mesh z:Ref="i88"/></URDFElement><URDFElement z:Id="i90" i:type="Material"><Attributes><Attribute z:Id="i91"><AttributeType>name</AttributeType><IsRequired>true</IsRequired><Value i:type="a:string" xmlns:a="http://www.w3.org/2001/XMLSchema"/></Attribute></Attributes><ChildElements><URDFElement z:Id="i92" i:type="Color"><Attributes><Attribute z:Id="i93"><AttributeType>rgba</AttributeType><IsRequired>true</IsRequired><Value i:type="a:ArrayOfdouble" xmlns:a="http://schemas.microsoft.com/2003/10/Serialization/Arrays"><a:double>1</a:double><a:double>1</a:double><a:double>1</a:double><a:double>1</a:double></Value></Attribute></Attributes><ChildElements/><ElementName>color</ElementName><required>false</required><RGBAAttribute z:Ref="i93"/></URDFElement><URDFElement z:Id="i94" i:type="Texture"><Attributes><Attribute z:Id="i95"><AttributeType>filename</AttributeType><IsRequired>true</IsRequired><Value i:nil="true"/></Attribute></Attributes><ChildElements/><ElementName>texture</ElementName><required>false</required><FilenameAttribute z:Ref="i95"/><wFilename/></URDFElement></ChildElements><ElementName>material</ElementName><required>false</required><Color z:Ref="i92"/><NameAttribute z:Ref="i91"/><Texture z:Ref="i94"/></URDFElement></ChildElements><ElementName>visual</ElementName><required>false</required><Geometry z:Ref="i87"/><Material z:Ref="i90"/><Origin z:Ref="i84"/></URDFElement><URDFElement z:Id="i96" i:type="Collision"><Attributes/><ChildElements><URDFElement z:Id="i97" i:type="Origin"><Attributes><Attribute z:Id="i98"><AttributeType>xyz</AttributeType><IsRequired>true</IsRequired><Value i:type="a:ArrayOfdouble" xmlns:a="http://schemas.microsoft.com/2003/10/Serialization/Arrays"><a:double>0</a:double><a:double>0</a:double><a:double>0</a:double></Value></Attribute><Attribute z:Id="i99"><AttributeType>rpy</AttributeType><IsRequired>true</IsRequired><Value i:type="a:ArrayOfdouble" xmlns:a="http://schemas.microsoft.com/2003/10/Serialization/Arrays"><a:double>0</a:double><a:double>0</a:double><a:double>0</a:double></Value></Attribute></Attributes><ChildElements/><ElementName>origin</ElementName><required>false</required><RPYAttribute z:Ref="i99"/><XYZAttribute z:Ref="i98"/><isCustomized>false</isCustomized></URDFElement><URDFElement z:Id="i100" i:type="Geometry"><Attributes/><ChildElements><URDFElement z:Id="i101" i:type="Mesh"><Attributes><Attribute z:Id="i102"><AttributeType>filename</AttributeType><IsRequired>true</IsRequired><Value i:nil="true"/></Attribute></Attributes><ChildElements/><ElementName>mesh</ElementName><required>false</required><FilenameAttribute z:Ref="i102"/></URDFElement></ChildElements><ElementName>geometry</ElementName><required>true</required><Mesh z:Ref="i101"/></URDFElement></ChildElements><ElementName>collision</ElementName><required>false</required><Geometry z:Ref="i100"/><Origin z:Ref="i97"/></URDFElement><URDFElement z:Id="i103" i:type="Joint"><Attributes><Attribute z:Id="i104"><AttributeType>name</AttributeType><IsRequired>true</IsRequired><Value i:type="a:string" xmlns:a="http://www.w3.org/2001/XMLSchema">wheel1</Value></Attribute><Attribute z:Id="i105"><AttributeType>type</AttributeType><IsRequired>true</IsRequired><Value i:type="a:string" xmlns:a="http://www.w3.org/2001/XMLSchema">Automatically Detect</Value></Attribute></Attributes><ChildElements><URDFElement z:Id="i106" i:type="Origin"><Attributes><Attribute z:Id="i107"><AttributeType>xyz</AttributeType><IsRequired>true</IsRequired><Value i:type="a:ArrayOfdouble" xmlns:a="http://schemas.microsoft.com/2003/10/Serialization/Arrays"><a:double>0</a:double><a:double>0</a:double><a:double>0</a:double></Value></Attribute><Attribute z:Id="i108"><AttributeType>rpy</AttributeType><IsRequired>true</IsRequired><Value i:type="a:ArrayOfdouble" xmlns:a="http://schemas.microsoft.com/2003/10/Serialization/Arrays"><a:double>0</a:double><a:double>0</a:double><a:double>0</a:double></Value></Attribute></Attributes><ChildElements/><ElementName>origin</ElementName><required>false</required><RPYAttribute z:Ref="i108"/><XYZAttribute z:Ref="i107"/><isCustomized>false</isCustomized></URDFElement><URDFElement z:Id="i109" i:type="ParentLink"><Attributes><Attribute z:Id="i110"><AttributeType>link</AttributeType><IsRequired>true</IsRequired><Value i:type="a:string" xmlns:a="http://www.w3.org/2001/XMLSchema"/></Attribute></Attributes><ChildElements/><ElementName>parent</ElementName><required>true</required><NameAttribute z:Ref="i110"/></URDFElement><URDFElement z:Id="i111" i:type="ChildLink"><Attributes><Attribute z:Id="i112"><AttributeType>link</AttributeType><IsRequired>true</IsRequired><Value i:type="a:string" xmlns:a="http://www.w3.org/2001/XMLSchema"/></Attribute></Attributes><ChildElements/><ElementName>child</ElementName><required>true</required><NameAttribute z:Ref="i112"/></URDFElement><URDFElement z:Id="i113" i:type="Axis"><Attributes><Attribute z:Id="i114"><AttributeType>xyz</AttributeType><IsRequired>true</IsRequired><Value i:type="a:ArrayOfdouble" xmlns:a="http://schemas.microsoft.com/2003/10/Serialization/Arrays"><a:double>0</a:double><a:double>0</a:double><a:double>0</a:double></Value></Attribute></Attributes><ChildElements/><ElementName>axis</ElementName><required>false</required><XYZAttribute z:Ref="i114"/></URDFElement><URDFElement z:Id="i115" i:type="Limit"><Attributes><Attribute z:Id="i116"><AttributeType>lower</AttributeType><IsRequired>false</IsRequired><Value i:nil="true"/></Attribute><Attribute z:Id="i117"><AttributeType>upper</AttributeType><IsRequired>false</IsRequired><Value i:nil="true"/></Attribute><Attribute z:Id="i118"><AttributeType>effort</AttributeType><IsRequired>true</IsRequired><Value i:nil="true"/></Attribute><Attribute z:Id="i119"><AttributeType>velocity</AttributeType><IsRequired>true</IsRequired><Value i:nil="true"/></Attribute></Attributes><ChildElements/><ElementName>limit</ElementName><required>false</required><EffortAttribute z:Ref="i118"/><LowerAttribute z:Ref="i116"/><UpperAttribute z:Ref="i117"/><VelocityAttribute z:Ref="i119"/></URDFElement><URDFElement z:Id="i120" i:type="Calibration"><Attributes><Attribute z:Id="i121"><AttributeType>rising</AttributeType><IsRequired>false</IsRequired><Value i:nil="true"/></Attribute><Attribute z:Id="i122"><AttributeType>falling</AttributeType><IsRequired>false</IsRequired><Value i:nil="true"/></Attribute></Attributes><ChildElements/><ElementName>calibration</ElementName><required>false</required><FallingAttribute z:Ref="i122"/><RisingAttribute z:Ref="i121"/></URDFElement><URDFElement z:Id="i123" i:type="Dynamics"><Attributes><Attribute z:Id="i124"><AttributeType>damping</AttributeType><IsRequired>false</IsRequired><Value i:nil="true"/></Attribute><Attribute z:Id="i125"><AttributeType>friction</AttributeType><IsRequired>false</IsRequired><Value i:nil="true"/></Attribute></Attributes><ChildElements/><ElementName>dynamics</ElementName><required>false</required><DampingAttribute z:Ref="i124"/><FrictionAttribute z:Ref="i125"/></URDFElement><URDFElement z:Id="i126" i:type="SafetyController"><Attributes><Attribute z:Id="i127"><AttributeType>soft_upper_limit</AttributeType><IsRequired>false</IsRequired><Value i:nil="true"/></Attribute><Attribute z:Id="i128"><AttributeType>soft_lower_limit</AttributeType><IsRequired>false</IsRequired><Value i:nil="true"/></Attribute><Attribute z:Id="i129"><AttributeType>k_position</AttributeType><IsRequired>false</IsRequired><Value i:nil="true"/></Attribute><Attribute z:Id="i130"><AttributeType>k_velocity</AttributeType><IsRequired>true</IsRequired><Value i:nil="true"/></Attribute></Attributes><ChildElements/><ElementName>safety_controller</ElementName><required>false</required><KPositionAttribute z:Ref="i129"/><KVelocityAttribute z:Ref="i130"/><SoftLowerAttribute z:Ref="i128"/><SoftUpperAttribute z:Ref="i127"/></URDFElement><URDFElement z:Id="i131" i:type="Mimic"><Attributes><Attribute z:Id="i132"><AttributeType>joint</AttributeType><IsRequired>true</IsRequired><Value i:nil="true"/></Attribute><Attribute z:Id="i133"><AttributeType>multiplier</AttributeType><IsRequired>false</IsRequired><Value i:nil="true"/></Attribute><Attribute z:Id="i134"><AttributeType>offset</AttributeType><IsRequired>false</IsRequired><Value i:nil="true"/></Attribute></Attributes><ChildElements/><ElementName>mimic</ElementName><required>false</required><JointNameAttribute z:Ref="i132"/><MultiplierAttribute z:Ref="i133"/><OffsetAttribute z:Ref="i134"/></URDFElement></ChildElements><ElementName>joint</ElementName><required>false</required><Axis z:Ref="i113"/><AxisName>Automatically Generate</AxisName><Calibration z:Ref="i120"/><Child z:Ref="i111"/><CoordinateSystemName>Automatically Generate</CoordinateSystemName><Dynamics z:Ref="i123"/><Limit z:Ref="i115"/><Mimic z:Ref="i131"/><NameAttribute z:Ref="i104"/><Origin z:Ref="i106"/><Parent z:Ref="i109"/><Safety z:Ref="i126"/><TypeAttribute z:Ref="i105"/></URDFElement></ChildElements><ElementName>link</ElementName><required>true</required><Children/><Collision z:Ref="i96"/><Inertial z:Ref="i70"/><Joint z:Ref="i103"/><NameAttribute z:Ref="i69"/><Parent z:Ref="i1"/><STLQualityFine>false</STLQualityFine><SWComponentPIDs xmlns:a="http://schemas.microsoft.com/2003/10/Serialization/Arrays"><a:base64Binary>UEYAAAUAAAD//v8opp5ujzV1OmdVU01PLQAyAEAAHCB6AG8AbgBnAHoAaAB1AGEAbgBnAHQAdQAdIEYAQwAvADMA8YL4W6aebo8tADEAQACmnm6PNXU6Z1VTTU8EAAAAEAAAAAEAAAACAAAAOAAAABsAAAA=</a:base64Binary><a:base64Binary>UEYAAAUAAAD//v8qpp5ujzV1OmdVU01PLQAyAEAAHCB6AG8AbgBnAHoAaAB1AGEAbgBnAHQAdQAdIEYAQwAvAKaebo+aTktRm1IvZadeLQAxAEAApp5ujzV1OmdVU01PBAAAABAAAAABAAAAAgAAADgAAAAdAAAA</a:base64Binary><a:base64Binary>UEYAAAUAAAD//v8ppp5ujzV1OmdVU01PLQAyAEAAHCB6AG8AbgBnAHoAaAB1AGEAbgBnAHQAdQAdIEYAQwAvADYAbQBtAFSAdI9oVi0AMQBAAKaebo81dTpnVVNNTwQAAAAQAAAAAQAAAAIAAAA4AAAAHAAAAA==</a:base64Binary></SWComponentPIDs><SWMainComponentPID i:nil="true"/><Visual z:Ref="i83"/><isFixedFrame>false</isFixedFrame><isIncomplete>false</isIncomplete></Link><Link z:Id="i135"><Attributes><Attribute z:Id="i136"><AttributeType>name</AttributeType><IsRequired>true</IsRequired><Value i:type="a:string" xmlns:a="http://www.w3.org/2001/XMLSchema">Link2</Value></Attribute></Attributes><ChildElements><URDFElement z:Id="i137" i:type="Inertial"><Attributes/><ChildElements><URDFElement z:Id="i138" i:type="Origin"><Attributes><Attribute z:Id="i139"><AttributeType>xyz</AttributeType><IsRequired>true</IsRequired><Value i:type="a:ArrayOfdouble" xmlns:a="http://schemas.microsoft.com/2003/10/Serialization/Arrays"><a:double>0</a:double><a:double>0</a:double><a:double>0</a:double></Value></Attribute><Attribute z:Id="i140"><AttributeType>rpy</AttributeType><IsRequired>true</IsRequired><Value i:type="a:ArrayOfdouble" xmlns:a="http://schemas.microsoft.com/2003/10/Serialization/Arrays"><a:double>0</a:double><a:double>0</a:double><a:double>0</a:double></Value></Attribute></Attributes><ChildElements/><ElementName>origin</ElementName><required>false</required><RPYAttribute z:Ref="i140"/><XYZAttribute z:Ref="i139"/><isCustomized>false</isCustomized></URDFElement><URDFElement z:Id="i141" i:type="Mass"><Attributes><Attribute z:Id="i142"><AttributeType>value</AttributeType><IsRequired>true</IsRequired><Value i:type="a:double" xmlns:a="http://www.w3.org/2001/XMLSchema">0</Value></Attribute></Attributes><ChildElements/><ElementName>mass</ElementName><required>false</required><ValueAttribute z:Ref="i142"/></URDFElement><URDFElement z:Id="i143" i:type="Inertia"><Attributes><Attribute z:Id="i144"><AttributeType>ixx</AttributeType><IsRequired>true</IsRequired><Value i:type="a:double" xmlns:a="http://www.w3.org/2001/XMLSchema">0</Value></Attribute><Attribute z:Id="i145"><AttributeType>ixy</AttributeType><IsRequired>true</IsRequired><Value i:type="a:double" xmlns:a="http://www.w3.org/2001/XMLSchema">0</Value></Attribute><Attribute z:Id="i146"><AttributeType>ixz</AttributeType><IsRequired>true</IsRequired><Value i:type="a:double" xmlns:a="http://www.w3.org/2001/XMLSchema">0</Value></Attribute><Attribute z:Id="i147"><AttributeType>iyy</AttributeType><IsRequired>true</IsRequired><Value i:type="a:double" xmlns:a="http://www.w3.org/2001/XMLSchema">0</Value></Attribute><Attribute z:Id="i148"><AttributeType>iyz</AttributeType><IsRequired>true</IsRequired><Value i:type="a:double" xmlns:a="http://www.w3.org/2001/XMLSchema">0</Value></Attribute><Attribute z:Id="i149"><AttributeType>izz</AttributeType><IsRequired>true</IsRequired><Value i:type="a:double" xmlns:a="http://www.w3.org/2001/XMLSchema">0</Value></Attribute></Attributes><ChildElements/><ElementName>inertia</ElementName><required>false</required><IxxAttribute z:Ref="i144"/><IxyAttribute z:Ref="i145"/><IxzAttribute z:Ref="i146"/><IyyAttribute z:Ref="i147"/><IyzAttribute z:Ref="i148"/><IzzAttribute z:Ref="i149"/></URDFElement></ChildElements><ElementName>inertial</ElementName><required>false</required><Inertia z:Ref="i143"/><Mass z:Ref="i141"/><Origin z:Ref="i138"/></URDFElement><URDFElement z:Id="i150" i:type="Visual"><Attributes/><ChildElements><URDFElement z:Id="i151" i:type="Origin"><Attributes><Attribute z:Id="i152"><AttributeType>xyz</AttributeType><IsRequired>true</IsRequired><Value i:type="a:ArrayOfdouble" xmlns:a="http://schemas.microsoft.com/2003/10/Serialization/Arrays"><a:double>0</a:double><a:double>0</a:double><a:double>0</a:double></Value></Attribute><Attribute z:Id="i153"><AttributeType>rpy</AttributeType><IsRequired>true</IsRequired><Value i:type="a:ArrayOfdouble" xmlns:a="http://schemas.microsoft.com/2003/10/Serialization/Arrays"><a:double>0</a:double><a:double>0</a:double><a:double>0</a:double></Value></Attribute></Attributes><ChildElements/><ElementName>origin</ElementName><required>false</required><RPYAttribute z:Ref="i153"/><XYZAttribute z:Ref="i152"/><isCustomized>false</isCustomized></URDFElement><URDFElement z:Id="i154" i:type="Geometry"><Attributes/><ChildElements><URDFElement z:Id="i155" i:type="Mesh"><Attributes><Attribute z:Id="i156"><AttributeType>filename</AttributeType><IsRequired>true</IsRequired><Value i:nil="true"/></Attribute></Attributes><ChildElements/><ElementName>mesh</ElementName><required>false</required><FilenameAttribute z:Ref="i156"/></URDFElement></ChildElements><ElementName>geometry</ElementName><required>true</required><Mesh z:Ref="i155"/></URDFElement><URDFElement z:Id="i157" i:type="Material"><Attributes><Attribute z:Id="i158"><AttributeType>name</AttributeType><IsRequired>true</IsRequired><Value i:type="a:string" xmlns:a="http://www.w3.org/2001/XMLSchema"/></Attribute></Attributes><ChildElements><URDFElement z:Id="i159" i:type="Color"><Attributes><Attribute z:Id="i160"><AttributeType>rgba</AttributeType><IsRequired>true</IsRequired><Value i:type="a:ArrayOfdouble" xmlns:a="http://schemas.microsoft.com/2003/10/Serialization/Arrays"><a:double>1</a:double><a:double>1</a:double><a:double>1</a:double><a:double>1</a:double></Value></Attribute></Attributes><ChildElements/><ElementName>color</ElementName><required>false</required><RGBAAttribute z:Ref="i160"/></URDFElement><URDFElement z:Id="i161" i:type="Texture"><Attributes><Attribute z:Id="i162"><AttributeType>filename</AttributeType><IsRequired>true</IsRequired><Value i:nil="true"/></Attribute></Attributes><ChildElements/><ElementName>texture</ElementName><required>false</required><FilenameAttribute z:Ref="i162"/><wFilename/></URDFElement></ChildElements><ElementName>material</ElementName><required>false</required><Color z:Ref="i159"/><NameAttribute z:Ref="i158"/><Texture z:Ref="i161"/></URDFElement></ChildElements><ElementName>visual</ElementName><required>false</required><Geometry z:Ref="i154"/><Material z:Ref="i157"/><Origin z:Ref="i151"/></URDFElement><URDFElement z:Id="i163" i:type="Collision"><Attributes/><ChildElements><URDFElement z:Id="i164" i:type="Origin"><Attributes><Attribute z:Id="i165"><AttributeType>xyz</AttributeType><IsRequired>true</IsRequired><Value i:type="a:ArrayOfdouble" xmlns:a="http://schemas.microsoft.com/2003/10/Serialization/Arrays"><a:double>0</a:double><a:double>0</a:double><a:double>0</a:double></Value></Attribute><Attribute z:Id="i166"><AttributeType>rpy</AttributeType><IsRequired>true</IsRequired><Value i:type="a:ArrayOfdouble" xmlns:a="http://schemas.microsoft.com/2003/10/Serialization/Arrays"><a:double>0</a:double><a:double>0</a:double><a:double>0</a:double></Value></Attribute></Attributes><ChildElements/><ElementName>origin</ElementName><required>false</required><RPYAttribute z:Ref="i166"/><XYZAttribute z:Ref="i165"/><isCustomized>false</isCustomized></URDFElement><URDFElement z:Id="i167" i:type="Geometry"><Attributes/><ChildElements><URDFElement z:Id="i168" i:type="Mesh"><Attributes><Attribute z:Id="i169"><AttributeType>filename</AttributeType><IsRequired>true</IsRequired><Value i:nil="true"/></Attribute></Attributes><ChildElements/><ElementName>mesh</ElementName><required>false</required><FilenameAttribute z:Ref="i169"/></URDFElement></ChildElements><ElementName>geometry</ElementName><required>true</required><Mesh z:Ref="i168"/></URDFElement></ChildElements><ElementName>collision</ElementName><required>false</required><Geometry z:Ref="i167"/><Origin z:Ref="i164"/></URDFElement><URDFElement z:Id="i170" i:type="Joint"><Attributes><Attribute z:Id="i171"><AttributeType>name</AttributeType><IsRequired>true</IsRequired><Value i:type="a:string" xmlns:a="http://www.w3.org/2001/XMLSchema">wheel2</Value></Attribute><Attribute z:Id="i172"><AttributeType>type</AttributeType><IsRequired>true</IsRequired><Value i:type="a:string" xmlns:a="http://www.w3.org/2001/XMLSchema">Automatically Detect</Value></Attribute></Attributes><ChildElements><URDFElement z:Id="i173" i:type="Origin"><Attributes><Attribute z:Id="i174"><AttributeType>xyz</AttributeType><IsRequired>true</IsRequired><Value i:type="a:ArrayOfdouble" xmlns:a="http://schemas.microsoft.com/2003/10/Serialization/Arrays"><a:double>0</a:double><a:double>0</a:double><a:double>0</a:double></Value></Attribute><Attribute z:Id="i175"><AttributeType>rpy</AttributeType><IsRequired>true</IsRequired><Value i:type="a:ArrayOfdouble" xmlns:a="http://schemas.microsoft.com/2003/10/Serialization/Arrays"><a:double>0</a:double><a:double>0</a:double><a:double>0</a:double></Value></Attribute></Attributes><ChildElements/><ElementName>origin</ElementName><required>false</required><RPYAttribute z:Ref="i175"/><XYZAttribute z:Ref="i174"/><isCustomized>false</isCustomized></URDFElement><URDFElement z:Id="i176" i:type="ParentLink"><Attributes><Attribute z:Id="i177"><AttributeType>link</AttributeType><IsRequired>true</IsRequired><Value i:type="a:string" xmlns:a="http://www.w3.org/2001/XMLSchema"/></Attribute></Attributes><ChildElements/><ElementName>parent</ElementName><required>true</required><NameAttribute z:Ref="i177"/></URDFElement><URDFElement z:Id="i178" i:type="ChildLink"><Attributes><Attribute z:Id="i179"><AttributeType>link</AttributeType><IsRequired>true</IsRequired><Value i:type="a:string" xmlns:a="http://www.w3.org/2001/XMLSchema"/></Attribute></Attributes><ChildElements/><ElementName>child</ElementName><required>true</required><NameAttribute z:Ref="i179"/></URDFElement><URDFElement z:Id="i180" i:type="Axis"><Attributes><Attribute z:Id="i181"><AttributeType>xyz</AttributeType><IsRequired>true</IsRequired><Value i:type="a:ArrayOfdouble" xmlns:a="http://schemas.microsoft.com/2003/10/Serialization/Arrays"><a:double>0</a:double><a:double>0</a:double><a:double>0</a:double></Value></Attribute></Attributes><ChildElements/><ElementName>axis</ElementName><required>false</required><XYZAttribute z:Ref="i181"/></URDFElement><URDFElement z:Id="i182" i:type="Limit"><Attributes><Attribute z:Id="i183"><AttributeType>lower</AttributeType><IsRequired>false</IsRequired><Value i:nil="true"/></Attribute><Attribute z:Id="i184"><AttributeType>upper</AttributeType><IsRequired>false</IsRequired><Value i:nil="true"/></Attribute><Attribute z:Id="i185"><AttributeType>effort</AttributeType><IsRequired>true</IsRequired><Value i:nil="true"/></Attribute><Attribute z:Id="i186"><AttributeType>velocity</AttributeType><IsRequired>true</IsRequired><Value i:nil="true"/></Attribute></Attributes><ChildElements/><ElementName>limit</ElementName><required>false</required><EffortAttribute z:Ref="i185"/><LowerAttribute z:Ref="i183"/><UpperAttribute z:Ref="i184"/><VelocityAttribute z:Ref="i186"/></URDFElement><URDFElement z:Id="i187" i:type="Calibration"><Attributes><Attribute z:Id="i188"><AttributeType>rising</AttributeType><IsRequired>false</IsRequired><Value i:nil="true"/></Attribute><Attribute z:Id="i189"><AttributeType>falling</AttributeType><IsRequired>false</IsRequired><Value i:nil="true"/></Attribute></Attributes><ChildElements/><ElementName>calibration</ElementName><required>false</required><FallingAttribute z:Ref="i189"/><RisingAttribute z:Ref="i188"/></URDFElement><URDFElement z:Id="i190" i:type="Dynamics"><Attributes><Attribute z:Id="i191"><AttributeType>damping</AttributeType><IsRequired>false</IsRequired><Value i:nil="true"/></Attribute><Attribute z:Id="i192"><AttributeType>friction</AttributeType><IsRequired>false</IsRequired><Value i:nil="true"/></Attribute></Attributes><ChildElements/><ElementName>dynamics</ElementName><required>false</required><DampingAttribute z:Ref="i191"/><FrictionAttribute z:Ref="i192"/></URDFElement><URDFElement z:Id="i193" i:type="SafetyController"><Attributes><Attribute z:Id="i194"><AttributeType>soft_upper_limit</AttributeType><IsRequired>false</IsRequired><Value i:nil="true"/></Attribute><Attribute z:Id="i195"><AttributeType>soft_lower_limit</AttributeType><IsRequired>false</IsRequired><Value i:nil="true"/></Attribute><Attribute z:Id="i196"><AttributeType>k_position</AttributeType><IsRequired>false</IsRequired><Value i:nil="true"/></Attribute><Attribute z:Id="i197"><AttributeType>k_velocity</AttributeType><IsRequired>true</IsRequired><Value i:nil="true"/></Attribute></Attributes><ChildElements/><ElementName>safety_controller</ElementName><required>false</required><KPositionAttribute z:Ref="i196"/><KVelocityAttribute z:Ref="i197"/><SoftLowerAttribute z:Ref="i195"/><SoftUpperAttribute z:Ref="i194"/></URDFElement><URDFElement z:Id="i198" i:type="Mimic"><Attributes><Attribute z:Id="i199"><AttributeType>joint</AttributeType><IsRequired>true</IsRequired><Value i:nil="true"/></Attribute><Attribute z:Id="i200"><AttributeType>multiplier</AttributeType><IsRequired>false</IsRequired><Value i:nil="true"/></Attribute><Attribute z:Id="i201"><AttributeType>offset</AttributeType><IsRequired>false</IsRequired><Value i:nil="true"/></Attribute></Attributes><ChildElements/><ElementName>mimic</ElementName><required>false</required><JointNameAttribute z:Ref="i199"/><MultiplierAttribute z:Ref="i200"/><OffsetAttribute z:Ref="i201"/></URDFElement></ChildElements><ElementName>joint</ElementName><required>false</required><Axis z:Ref="i180"/><AxisName>Automatically Generate</AxisName><Calibration z:Ref="i187"/><Child z:Ref="i178"/><CoordinateSystemName>Automatically Generate</CoordinateSystemName><Dynamics z:Ref="i190"/><Limit z:Ref="i182"/><Mimic z:Ref="i198"/><NameAttribute z:Ref="i171"/><Origin z:Ref="i173"/><Parent z:Ref="i176"/><Safety z:Ref="i193"/><TypeAttribute z:Ref="i172"/></URDFElement></ChildElements><ElementName>link</ElementName><required>true</required><Children/><Collision z:Ref="i163"/><Inertial z:Ref="i137"/><Joint z:Ref="i170"/><NameAttribute z:Ref="i136"/><Parent z:Ref="i1"/><STLQualityFine>false</STLQualityFine><SWComponentPIDs xmlns:a="http://schemas.microsoft.com/2003/10/Serialization/Arrays"><a:base64Binary>UEYAAAUAAAD//v8opp5ujzV1OmdVU01PLQAxAEAAHCB6AG8AbgBnAHoAaAB1AGEAbgBnAHQAdQAdIEYAQwAvADMA8YL4W6aebo8tADEAQACmnm6PNXU6Z1VTTU8EAAAAEAAAAAEAAAACAAAAGAAAABsAAAA=</a:base64Binary><a:base64Binary>UEYAAAUAAAD//v8qpp5ujzV1OmdVU01PLQAxAEAAHCB6AG8AbgBnAHoAaAB1AGEAbgBnAHQAdQAdIEYAQwAvAKaebo+aTktRm1IvZadeLQAxAEAApp5ujzV1OmdVU01PBAAAABAAAAABAAAAAgAAABgAAAAdAAAA</a:base64Binary><a:base64Binary>UEYAAAUAAAD//v8ppp5ujzV1OmdVU01PLQAxAEAAHCB6AG8AbgBnAHoAaAB1AGEAbgBnAHQAdQAdIEYAQwAvADYAbQBtAFSAdI9oVi0AMQBAAKaebo81dTpnVVNNTwQAAAAQAAAAAQAAAAIAAAAYAAAAHAAAAA==</a:base64Binary></SWComponentPIDs><SWMainComponentPID i:nil="true"/><Visual z:Ref="i150"/><isFixedFrame>false</isFixedFrame><isIncomplete>false</isIncomplete></Link><Link z:Id="i202"><Attributes><Attribute z:Id="i203"><AttributeType>name</AttributeType><IsRequired>true</IsRequired><Value i:type="a:string" xmlns:a="http://www.w3.org/2001/XMLSchema">Link3</Value></Attribute></Attributes><ChildElements><URDFElement z:Id="i204" i:type="Inertial"><Attributes/><ChildElements><URDFElement z:Id="i205" i:type="Origin"><Attributes><Attribute z:Id="i206"><AttributeType>xyz</AttributeType><IsRequired>true</IsRequired><Value i:type="a:ArrayOfdouble" xmlns:a="http://schemas.microsoft.com/2003/10/Serialization/Arrays"><a:double>0</a:double><a:double>0</a:double><a:double>0</a:double></Value></Attribute><Attribute z:Id="i207"><AttributeType>rpy</AttributeType><IsRequired>true</IsRequired><Value i:type="a:ArrayOfdouble" xmlns:a="http://schemas.microsoft.com/2003/10/Serialization/Arrays"><a:double>0</a:double><a:double>0</a:double><a:double>0</a:double></Value></Attribute></Attributes><ChildElements/><ElementName>origin</ElementName><required>false</required><RPYAttribute z:Ref="i207"/><XYZAttribute z:Ref="i206"/><isCustomized>false</isCustomized></URDFElement><URDFElement z:Id="i208" i:type="Mass"><Attributes><Attribute z:Id="i209"><AttributeType>value</AttributeType><IsRequired>true</IsRequired><Value i:type="a:double" xmlns:a="http://www.w3.org/2001/XMLSchema">0</Value></Attribute></Attributes><ChildElements/><ElementName>mass</ElementName><required>false</required><ValueAttribute z:Ref="i209"/></URDFElement><URDFElement z:Id="i210" i:type="Inertia"><Attributes><Attribute z:Id="i211"><AttributeType>ixx</AttributeType><IsRequired>true</IsRequired><Value i:type="a:double" xmlns:a="http://www.w3.org/2001/XMLSchema">0</Value></Attribute><Attribute z:Id="i212"><AttributeType>ixy</AttributeType><IsRequired>true</IsRequired><Value i:type="a:double" xmlns:a="http://www.w3.org/2001/XMLSchema">0</Value></Attribute><Attribute z:Id="i213"><AttributeType>ixz</AttributeType><IsRequired>true</IsRequired><Value i:type="a:double" xmlns:a="http://www.w3.org/2001/XMLSchema">0</Value></Attribute><Attribute z:Id="i214"><AttributeType>iyy</AttributeType><IsRequired>true</IsRequired><Value i:type="a:double" xmlns:a="http://www.w3.org/2001/XMLSchema">0</Value></Attribute><Attribute z:Id="i215"><AttributeType>iyz</AttributeType><IsRequired>true</IsRequired><Value i:type="a:double" xmlns:a="http://www.w3.org/2001/XMLSchema">0</Value></Attribute><Attribute z:Id="i216"><AttributeType>izz</AttributeType><IsRequired>true</IsRequired><Value i:type="a:double" xmlns:a="http://www.w3.org/2001/XMLSchema">0</Value></Attribute></Attributes><ChildElements/><ElementName>inertia</ElementName><required>false</required><IxxAttribute z:Ref="i211"/><IxyAttribute z:Ref="i212"/><IxzAttribute z:Ref="i213"/><IyyAttribute z:Ref="i214"/><IyzAttribute z:Ref="i215"/><IzzAttribute z:Ref="i216"/></URDFElement></ChildElements><ElementName>inertial</ElementName><required>false</required><Inertia z:Ref="i210"/><Mass z:Ref="i208"/><Origin z:Ref="i205"/></URDFElement><URDFElement z:Id="i217" i:type="Visual"><Attributes/><ChildElements><URDFElement z:Id="i218" i:type="Origin"><Attributes><Attribute z:Id="i219"><AttributeType>xyz</AttributeType><IsRequired>true</IsRequired><Value i:type="a:ArrayOfdouble" xmlns:a="http://schemas.microsoft.com/2003/10/Serialization/Arrays"><a:double>0</a:double><a:double>0</a:double><a:double>0</a:double></Value></Attribute><Attribute z:Id="i220"><AttributeType>rpy</AttributeType><IsRequired>true</IsRequired><Value i:type="a:ArrayOfdouble" xmlns:a="http://schemas.microsoft.com/2003/10/Serialization/Arrays"><a:double>0</a:double><a:double>0</a:double><a:double>0</a:double></Value></Attribute></Attributes><ChildElements/><ElementName>origin</ElementName><required>false</required><RPYAttribute z:Ref="i220"/><XYZAttribute z:Ref="i219"/><isCustomized>false</isCustomized></URDFElement><URDFElement z:Id="i221" i:type="Geometry"><Attributes/><ChildElements><URDFElement z:Id="i222" i:type="Mesh"><Attributes><Attribute z:Id="i223"><AttributeType>filename</AttributeType><IsRequired>true</IsRequired><Value i:nil="true"/></Attribute></Attributes><ChildElements/><ElementName>mesh</ElementName><required>false</required><FilenameAttribute z:Ref="i223"/></URDFElement></ChildElements><ElementName>geometry</ElementName><required>true</required><Mesh z:Ref="i222"/></URDFElement><URDFElement z:Id="i224" i:type="Material"><Attributes><Attribute z:Id="i225"><AttributeType>name</AttributeType><IsRequired>true</IsRequired><Value i:type="a:string" xmlns:a="http://www.w3.org/2001/XMLSchema"/></Attribute></Attributes><ChildElements><URDFElement z:Id="i226" i:type="Color"><Attributes><Attribute z:Id="i227"><AttributeType>rgba</AttributeType><IsRequired>true</IsRequired><Value i:type="a:ArrayOfdouble" xmlns:a="http://schemas.microsoft.com/2003/10/Serialization/Arrays"><a:double>1</a:double><a:double>1</a:double><a:double>1</a:double><a:double>1</a:double></Value></Attribute></Attributes><ChildElements/><ElementName>color</ElementName><required>false</required><RGBAAttribute z:Ref="i227"/></URDFElement><URDFElement z:Id="i228" i:type="Texture"><Attributes><Attribute z:Id="i229"><AttributeType>filename</AttributeType><IsRequired>true</IsRequired><Value i:nil="true"/></Attribute></Attributes><ChildElements/><ElementName>texture</ElementName><required>false</required><FilenameAttribute z:Ref="i229"/><wFilename/></URDFElement></ChildElements><ElementName>material</ElementName><required>false</required><Color z:Ref="i226"/><NameAttribute z:Ref="i225"/><Texture z:Ref="i228"/></URDFElement></ChildElements><ElementName>visual</ElementName><required>false</required><Geometry z:Ref="i221"/><Material z:Ref="i224"/><Origin z:Ref="i218"/></URDFElement><URDFElement z:Id="i230" i:type="Collision"><Attributes/><ChildElements><URDFElement z:Id="i231" i:type="Origin"><Attributes><Attribute z:Id="i232"><AttributeType>xyz</AttributeType><IsRequired>true</IsRequired><Value i:type="a:ArrayOfdouble" xmlns:a="http://schemas.microsoft.com/2003/10/Serialization/Arrays"><a:double>0</a:double><a:double>0</a:double><a:double>0</a:double></Value></Attribute><Attribute z:Id="i233"><AttributeType>rpy</AttributeType><IsRequired>true</IsRequired><Value i:type="a:ArrayOfdouble" xmlns:a="http://schemas.microsoft.com/2003/10/Serialization/Arrays"><a:double>0</a:double><a:double>0</a:double><a:double>0</a:double></Value></Attribute></Attributes><ChildElements/><ElementName>origin</ElementName><required>false</required><RPYAttribute z:Ref="i233"/><XYZAttribute z:Ref="i232"/><isCustomized>false</isCustomized></URDFElement><URDFElement z:Id="i234" i:type="Geometry"><Attributes/><ChildElements><URDFElement z:Id="i235" i:type="Mesh"><Attributes><Attribute z:Id="i236"><AttributeType>filename</AttributeType><IsRequired>true</IsRequired><Value i:nil="true"/></Attribute></Attributes><ChildElements/><ElementName>mesh</ElementName><required>false</required><FilenameAttribute z:Ref="i236"/></URDFElement></ChildElements><ElementName>geometry</ElementName><required>true</required><Mesh z:Ref="i235"/></URDFElement></ChildElements><ElementName>collision</ElementName><required>false</required><Geometry z:Ref="i234"/><Origin z:Ref="i231"/></URDFElement><URDFElement z:Id="i237" i:type="Joint"><Attributes><Attribute z:Id="i238"><AttributeType>name</AttributeType><IsRequired>true</IsRequired><Value i:type="a:string" xmlns:a="http://www.w3.org/2001/XMLSchema">wheel3</Value></Attribute><Attribute z:Id="i239"><AttributeType>type</AttributeType><IsRequired>true</IsRequired><Value i:type="a:string" xmlns:a="http://www.w3.org/2001/XMLSchema">Automatically Detect</Value></Attribute></Attributes><ChildElements><URDFElement z:Id="i240" i:type="Origin"><Attributes><Attribute z:Id="i241"><AttributeType>xyz</AttributeType><IsRequired>true</IsRequired><Value i:type="a:ArrayOfdouble" xmlns:a="http://schemas.microsoft.com/2003/10/Serialization/Arrays"><a:double>0</a:double><a:double>0</a:double><a:double>0</a:double></Value></Attribute><Attribute z:Id="i242"><AttributeType>rpy</AttributeType><IsRequired>true</IsRequired><Value i:type="a:ArrayOfdouble" xmlns:a="http://schemas.microsoft.com/2003/10/Serialization/Arrays"><a:double>0</a:double><a:double>0</a:double><a:double>0</a:double></Value></Attribute></Attributes><ChildElements/><ElementName>origin</ElementName><required>false</required><RPYAttribute z:Ref="i242"/><XYZAttribute z:Ref="i241"/><isCustomized>false</isCustomized></URDFElement><URDFElement z:Id="i243" i:type="ParentLink"><Attributes><Attribute z:Id="i244"><AttributeType>link</AttributeType><IsRequired>true</IsRequired><Value i:type="a:string" xmlns:a="http://www.w3.org/2001/XMLSchema"/></Attribute></Attributes><ChildElements/><ElementName>parent</ElementName><required>true</required><NameAttribute z:Ref="i244"/></URDFElement><URDFElement z:Id="i245" i:type="ChildLink"><Attributes><Attribute z:Id="i246"><AttributeType>link</AttributeType><IsRequired>true</IsRequired><Value i:type="a:string" xmlns:a="http://www.w3.org/2001/XMLSchema"/></Attribute></Attributes><ChildElements/><ElementName>child</ElementName><required>true</required><NameAttribute z:Ref="i246"/></URDFElement><URDFElement z:Id="i247" i:type="Axis"><Attributes><Attribute z:Id="i248"><AttributeType>xyz</AttributeType><IsRequired>true</IsRequired><Value i:type="a:ArrayOfdouble" xmlns:a="http://schemas.microsoft.com/2003/10/Serialization/Arrays"><a:double>0</a:double><a:double>0</a:double><a:double>0</a:double></Value></Attribute></Attributes><ChildElements/><ElementName>axis</ElementName><required>false</required><XYZAttribute z:Ref="i248"/></URDFElement><URDFElement z:Id="i249" i:type="Limit"><Attributes><Attribute z:Id="i250"><AttributeType>lower</AttributeType><IsRequired>false</IsRequired><Value i:nil="true"/></Attribute><Attribute z:Id="i251"><AttributeType>upper</AttributeType><IsRequired>false</IsRequired><Value i:nil="true"/></Attribute><Attribute z:Id="i252"><AttributeType>effort</AttributeType><IsRequired>true</IsRequired><Value i:nil="true"/></Attribute><Attribute z:Id="i253"><AttributeType>velocity</AttributeType><IsRequired>true</IsRequired><Value i:nil="true"/></Attribute></Attributes><ChildElements/><ElementName>limit</ElementName><required>false</required><EffortAttribute z:Ref="i252"/><LowerAttribute z:Ref="i250"/><UpperAttribute z:Ref="i251"/><VelocityAttribute z:Ref="i253"/></URDFElement><URDFElement z:Id="i254" i:type="Calibration"><Attributes><Attribute z:Id="i255"><AttributeType>rising</AttributeType><IsRequired>false</IsRequired><Value i:nil="true"/></Attribute><Attribute z:Id="i256"><AttributeType>falling</AttributeType><IsRequired>false</IsRequired><Value i:nil="true"/></Attribute></Attributes><ChildElements/><ElementName>calibration</ElementName><required>false</required><FallingAttribute z:Ref="i256"/><RisingAttribute z:Ref="i255"/></URDFElement><URDFElement z:Id="i257" i:type="Dynamics"><Attributes><Attribute z:Id="i258"><AttributeType>damping</AttributeType><IsRequired>false</IsRequired><Value i:nil="true"/></Attribute><Attribute z:Id="i259"><AttributeType>friction</AttributeType><IsRequired>false</IsRequired><Value i:nil="true"/></Attribute></Attributes><ChildElements/><ElementName>dynamics</ElementName><required>false</required><DampingAttribute z:Ref="i258"/><FrictionAttribute z:Ref="i259"/></URDFElement><URDFElement z:Id="i260" i:type="SafetyController"><Attributes><Attribute z:Id="i261"><AttributeType>soft_upper_limit</AttributeType><IsRequired>false</IsRequired><Value i:nil="true"/></Attribute><Attribute z:Id="i262"><AttributeType>soft_lower_limit</AttributeType><IsRequired>false</IsRequired><Value i:nil="true"/></Attribute><Attribute z:Id="i263"><AttributeType>k_position</AttributeType><IsRequired>false</IsRequired><Value i:nil="true"/></Attribute><Attribute z:Id="i264"><AttributeType>k_velocity</AttributeType><IsRequired>true</IsRequired><Value i:nil="true"/></Attribute></Attributes><ChildElements/><ElementName>safety_controller</ElementName><required>false</required><KPositionAttribute z:Ref="i263"/><KVelocityAttribute z:Ref="i264"/><SoftLowerAttribute z:Ref="i262"/><SoftUpperAttribute z:Ref="i261"/></URDFElement><URDFElement z:Id="i265" i:type="Mimic"><Attributes><Attribute z:Id="i266"><AttributeType>joint</AttributeType><IsRequired>true</IsRequired><Value i:nil="true"/></Attribute><Attribute z:Id="i267"><AttributeType>multiplier</AttributeType><IsRequired>false</IsRequired><Value i:nil="true"/></Attribute><Attribute z:Id="i268"><AttributeType>offset</AttributeType><IsRequired>false</IsRequired><Value i:nil="true"/></Attribute></Attributes><ChildElements/><ElementName>mimic</ElementName><required>false</required><JointNameAttribute z:Ref="i266"/><MultiplierAttribute z:Ref="i267"/><OffsetAttribute z:Ref="i268"/></URDFElement></ChildElements><ElementName>joint</ElementName><required>false</required><Axis z:Ref="i247"/><AxisName>Automatically Generate</AxisName><Calibration z:Ref="i254"/><Child z:Ref="i245"/><CoordinateSystemName>Automatically Generate</CoordinateSystemName><Dynamics z:Ref="i257"/><Limit z:Ref="i249"/><Mimic z:Ref="i265"/><NameAttribute z:Ref="i238"/><Origin z:Ref="i240"/><Parent z:Ref="i243"/><Safety z:Ref="i260"/><TypeAttribute z:Ref="i239"/></URDFElement></ChildElements><ElementName>link</ElementName><required>true</required><Children/><Collision z:Ref="i230"/><Inertial z:Ref="i204"/><Joint z:Ref="i237"/><NameAttribute z:Ref="i203"/><Parent z:Ref="i1"/><STLQualityFine>false</STLQualityFine><SWComponentPIDs xmlns:a="http://schemas.microsoft.com/2003/10/Serialization/Arrays"><a:base64Binary>UEYAAAUAAAD//v8opp5ujzV1OmdVU01PLQA0AEAAHCB6AG8AbgBnAHoAaAB1AGEAbgBnAHQAdQAdIEYAQwAvADMA8YL4W6aebo8tADEAQACmnm6PNXU6Z1VTTU8EAAAAEAAAAAEAAAACAAAASAAAABsAAAA=</a:base64Binary><a:base64Binary>UEYAAAUAAAD//v8qpp5ujzV1OmdVU01PLQA0AEAAHCB6AG8AbgBnAHoAaAB1AGEAbgBnAHQAdQAdIEYAQwAvAKaebo+aTktRm1IvZadeLQAxAEAApp5ujzV1OmdVU01PBAAAABAAAAABAAAAAgAAAEgAAAAdAAAA</a:base64Binary><a:base64Binary>UEYAAAUAAAD//v8ppp5ujzV1OmdVU01PLQA0AEAAHCB6AG8AbgBnAHoAaAB1AGEAbgBnAHQAdQAdIEYAQwAvADYAbQBtAFSAdI9oVi0AMQBAAKaebo81dTpnVVNNTwQAAAAQAAAAAQAAAAIAAABIAAAAHAAAAA==</a:base64Binary></SWComponentPIDs><SWMainComponentPID i:nil="true"/><Visual z:Ref="i217"/><isFixedFrame>false</isFixedFrame><isIncomplete>false</isIncomplete></Link><Link z:Id="i269"><Attributes><Attribute z:Id="i270"><AttributeType>name</AttributeType><IsRequired>true</IsRequired><Value i:type="a:string" xmlns:a="http://www.w3.org/2001/XMLSchema">Link4</Value></Attribute></Attributes><ChildElements><URDFElement z:Id="i271" i:type="Inertial"><Attributes/><ChildElements><URDFElement z:Id="i272" i:type="Origin"><Attributes><Attribute z:Id="i273"><AttributeType>xyz</AttributeType><IsRequired>true</IsRequired><Value i:type="a:ArrayOfdouble" xmlns:a="http://schemas.microsoft.com/2003/10/Serialization/Arrays"><a:double>0</a:double><a:double>0</a:double><a:double>0</a:double></Value></Attribute><Attribute z:Id="i274"><AttributeType>rpy</AttributeType><IsRequired>true</IsRequired><Value i:type="a:ArrayOfdouble" xmlns:a="http://schemas.microsoft.com/2003/10/Serialization/Arrays"><a:double>0</a:double><a:double>0</a:double><a:double>0</a:double></Value></Attribute></Attributes><ChildElements/><ElementName>origin</ElementName><required>false</required><RPYAttribute z:Ref="i274"/><XYZAttribute z:Ref="i273"/><isCustomized>false</isCustomized></URDFElement><URDFElement z:Id="i275" i:type="Mass"><Attributes><Attribute z:Id="i276"><AttributeType>value</AttributeType><IsRequired>true</IsRequired><Value i:type="a:double" xmlns:a="http://www.w3.org/2001/XMLSchema">0</Value></Attribute></Attributes><ChildElements/><ElementName>mass</ElementName><required>false</required><ValueAttribute z:Ref="i276"/></URDFElement><URDFElement z:Id="i277" i:type="Inertia"><Attributes><Attribute z:Id="i278"><AttributeType>ixx</AttributeType><IsRequired>true</IsRequired><Value i:type="a:double" xmlns:a="http://www.w3.org/2001/XMLSchema">0</Value></Attribute><Attribute z:Id="i279"><AttributeType>ixy</AttributeType><IsRequired>true</IsRequired><Value i:type="a:double" xmlns:a="http://www.w3.org/2001/XMLSchema">0</Value></Attribute><Attribute z:Id="i280"><AttributeType>ixz</AttributeType><IsRequired>true</IsRequired><Value i:type="a:double" xmlns:a="http://www.w3.org/2001/XMLSchema">0</Value></Attribute><Attribute z:Id="i281"><AttributeType>iyy</AttributeType><IsRequired>true</IsRequired><Value i:type="a:double" xmlns:a="http://www.w3.org/2001/XMLSchema">0</Value></Attribute><Attribute z:Id="i282"><AttributeType>iyz</AttributeType><IsRequired>true</IsRequired><Value i:type="a:double" xmlns:a="http://www.w3.org/2001/XMLSchema">0</Value></Attribute><Attribute z:Id="i283"><AttributeType>izz</AttributeType><IsRequired>true</IsRequired><Value i:type="a:double" xmlns:a="http://www.w3.org/2001/XMLSchema">0</Value></Attribute></Attributes><ChildElements/><ElementName>inertia</ElementName><required>false</required><IxxAttribute z:Ref="i278"/><IxyAttribute z:Ref="i279"/><IxzAttribute z:Ref="i280"/><IyyAttribute z:Ref="i281"/><IyzAttribute z:Ref="i282"/><IzzAttribute z:Ref="i283"/></URDFElement></ChildElements><ElementName>inertial</ElementName><required>false</required><Inertia z:Ref="i277"/><Mass z:Ref="i275"/><Origin z:Ref="i272"/></URDFElement><URDFElement z:Id="i284" i:type="Visual"><Attributes/><ChildElements><URDFElement z:Id="i285" i:type="Origin"><Attributes><Attribute z:Id="i286"><AttributeType>xyz</AttributeType><IsRequired>true</IsRequired><Value i:type="a:ArrayOfdouble" xmlns:a="http://schemas.microsoft.com/2003/10/Serialization/Arrays"><a:double>0</a:double><a:double>0</a:double><a:double>0</a:double></Value></Attribute><Attribute z:Id="i287"><AttributeType>rpy</AttributeType><IsRequired>true</IsRequired><Value i:type="a:ArrayOfdouble" xmlns:a="http://schemas.microsoft.com/2003/10/Serialization/Arrays"><a:double>0</a:double><a:double>0</a:double><a:double>0</a:double></Value></Attribute></Attributes><ChildElements/><ElementName>origin</ElementName><required>false</required><RPYAttribute z:Ref="i287"/><XYZAttribute z:Ref="i286"/><isCustomized>false</isCustomized></URDFElement><URDFElement z:Id="i288" i:type="Geometry"><Attributes/><ChildElements><URDFElement z:Id="i289" i:type="Mesh"><Attributes><Attribute z:Id="i290"><AttributeType>filename</AttributeType><IsRequired>true</IsRequired><Value i:nil="true"/></Attribute></Attributes><ChildElements/><ElementName>mesh</ElementName><required>false</required><FilenameAttribute z:Ref="i290"/></URDFElement></ChildElements><ElementName>geometry</ElementName><required>true</required><Mesh z:Ref="i289"/></URDFElement><URDFElement z:Id="i291" i:type="Material"><Attributes><Attribute z:Id="i292"><AttributeType>name</AttributeType><IsRequired>true</IsRequired><Value i:type="a:string" xmlns:a="http://www.w3.org/2001/XMLSchema"/></Attribute></Attributes><ChildElements><URDFElement z:Id="i293" i:type="Color"><Attributes><Attribute z:Id="i294"><AttributeType>rgba</AttributeType><IsRequired>true</IsRequired><Value i:type="a:ArrayOfdouble" xmlns:a="http://schemas.microsoft.com/2003/10/Serialization/Arrays"><a:double>1</a:double><a:double>1</a:double><a:double>1</a:double><a:double>1</a:double></Value></Attribute></Attributes><ChildElements/><ElementName>color</ElementName><required>false</required><RGBAAttribute z:Ref="i294"/></URDFElement><URDFElement z:Id="i295" i:type="Texture"><Attributes><Attribute z:Id="i296"><AttributeType>filename</AttributeType><IsRequired>true</IsRequired><Value i:nil="true"/></Attribute></Attributes><ChildElements/><ElementName>texture</ElementName><required>false</required><FilenameAttribute z:Ref="i296"/><wFilename/></URDFElement></ChildElements><ElementName>material</ElementName><required>false</required><Color z:Ref="i293"/><NameAttribute z:Ref="i292"/><Texture z:Ref="i295"/></URDFElement></ChildElements><ElementName>visual</ElementName><required>false</required><Geometry z:Ref="i288"/><Material z:Ref="i291"/><Origin z:Ref="i285"/></URDFElement><URDFElement z:Id="i297" i:type="Collision"><Attributes/><ChildElements><URDFElement z:Id="i298" i:type="Origin"><Attributes><Attribute z:Id="i299"><AttributeType>xyz</AttributeType><IsRequired>true</IsRequired><Value i:type="a:ArrayOfdouble" xmlns:a="http://schemas.microsoft.com/2003/10/Serialization/Arrays"><a:double>0</a:double><a:double>0</a:double><a:double>0</a:double></Value></Attribute><Attribute z:Id="i300"><AttributeType>rpy</AttributeType><IsRequired>true</IsRequired><Value i:type="a:ArrayOfdouble" xmlns:a="http://schemas.microsoft.com/2003/10/Serialization/Arrays"><a:double>0</a:double><a:double>0</a:double><a:double>0</a:double></Value></Attribute></Attributes><ChildElements/><ElementName>origin</ElementName><required>false</required><RPYAttribute z:Ref="i300"/><XYZAttribute z:Ref="i299"/><isCustomized>false</isCustomized></URDFElement><URDFElement z:Id="i301" i:type="Geometry"><Attributes/><ChildElements><URDFElement z:Id="i302" i:type="Mesh"><Attributes><Attribute z:Id="i303"><AttributeType>filename</AttributeType><IsRequired>true</IsRequired><Value i:nil="true"/></Attribute></Attributes><ChildElements/><ElementName>mesh</ElementName><required>false</required><FilenameAttribute z:Ref="i303"/></URDFElement></ChildElements><ElementName>geometry</ElementName><required>true</required><Mesh z:Ref="i302"/></URDFElement></ChildElements><ElementName>collision</ElementName><required>false</required><Geometry z:Ref="i301"/><Origin z:Ref="i298"/></URDFElement><URDFElement z:Id="i304" i:type="Joint"><Attributes><Attribute z:Id="i305"><AttributeType>name</AttributeType><IsRequired>true</IsRequired><Value i:type="a:string" xmlns:a="http://www.w3.org/2001/XMLSchema">wheel4</Value></Attribute><Attribute z:Id="i306"><AttributeType>type</AttributeType><IsRequired>true</IsRequired><Value i:type="a:string" xmlns:a="http://www.w3.org/2001/XMLSchema">Automatically Detect</Value></Attribute></Attributes><ChildElements><URDFElement z:Id="i307" i:type="Origin"><Attributes><Attribute z:Id="i308"><AttributeType>xyz</AttributeType><IsRequired>true</IsRequired><Value i:type="a:ArrayOfdouble" xmlns:a="http://schemas.microsoft.com/2003/10/Serialization/Arrays"><a:double>0</a:double><a:double>0</a:double><a:double>0</a:double></Value></Attribute><Attribute z:Id="i309"><AttributeType>rpy</AttributeType><IsRequired>true</IsRequired><Value i:type="a:ArrayOfdouble" xmlns:a="http://schemas.microsoft.com/2003/10/Serialization/Arrays"><a:double>0</a:double><a:double>0</a:double><a:double>0</a:double></Value></Attribute></Attributes><ChildElements/><ElementName>origin</ElementName><required>false</required><RPYAttribute z:Ref="i309"/><XYZAttribute z:Ref="i308"/><isCustomized>false</isCustomized></URDFElement><URDFElement z:Id="i310" i:type="ParentLink"><Attributes><Attribute z:Id="i311"><AttributeType>link</AttributeType><IsRequired>true</IsRequired><Value i:type="a:string" xmlns:a="http://www.w3.org/2001/XMLSchema"/></Attribute></Attributes><ChildElements/><ElementName>parent</ElementName><required>true</required><NameAttribute z:Ref="i311"/></URDFElement><URDFElement z:Id="i312" i:type="ChildLink"><Attributes><Attribute z:Id="i313"><AttributeType>link</AttributeType><IsRequired>true</IsRequired><Value i:type="a:string" xmlns:a="http://www.w3.org/2001/XMLSchema"/></Attribute></Attributes><ChildElements/><ElementName>child</ElementName><required>true</required><NameAttribute z:Ref="i313"/></URDFElement><URDFElement z:Id="i314" i:type="Axis"><Attributes><Attribute z:Id="i315"><AttributeType>xyz</AttributeType><IsRequired>true</IsRequired><Value i:type="a:ArrayOfdouble" xmlns:a="http://schemas.microsoft.com/2003/10/Serialization/Arrays"><a:double>0</a:double><a:double>0</a:double><a:double>0</a:double></Value></Attribute></Attributes><ChildElements/><ElementName>axis</ElementName><required>false</required><XYZAttribute z:Ref="i315"/></URDFElement><URDFElement z:Id="i316" i:type="Limit"><Attributes><Attribute z:Id="i317"><AttributeType>lower</AttributeType><IsRequired>false</IsRequired><Value i:nil="true"/></Attribute><Attribute z:Id="i318"><AttributeType>upper</AttributeType><IsRequired>false</IsRequired><Value i:nil="true"/></Attribute><Attribute z:Id="i319"><AttributeType>effort</AttributeType><IsRequired>true</IsRequired><Value i:nil="true"/></Attribute><Attribute z:Id="i320"><AttributeType>velocity</AttributeType><IsRequired>true</IsRequired><Value i:nil="true"/></Attribute></Attributes><ChildElements/><ElementName>limit</ElementName><required>false</required><EffortAttribute z:Ref="i319"/><LowerAttribute z:Ref="i317"/><UpperAttribute z:Ref="i318"/><VelocityAttribute z:Ref="i320"/></URDFElement><URDFElement z:Id="i321" i:type="Calibration"><Attributes><Attribute z:Id="i322"><AttributeType>rising</AttributeType><IsRequired>false</IsRequired><Value i:nil="true"/></Attribute><Attribute z:Id="i323"><AttributeType>falling</AttributeType><IsRequired>false</IsRequired><Value i:nil="true"/></Attribute></Attributes><ChildElements/><ElementName>calibration</ElementName><required>false</required><FallingAttribute z:Ref="i323"/><RisingAttribute z:Ref="i322"/></URDFElement><URDFElement z:Id="i324" i:type="Dynamics"><Attributes><Attribute z:Id="i325"><AttributeType>damping</AttributeType><IsRequired>false</IsRequired><Value i:nil="true"/></Attribute><Attribute z:Id="i326"><AttributeType>friction</AttributeType><IsRequired>false</IsRequired><Value i:nil="true"/></Attribute></Attributes><ChildElements/><ElementName>dynamics</ElementName><required>false</required><DampingAttribute z:Ref="i325"/><FrictionAttribute z:Ref="i326"/></URDFElement><URDFElement z:Id="i327" i:type="SafetyController"><Attributes><Attribute z:Id="i328"><AttributeType>soft_upper_limit</AttributeType><IsRequired>false</IsRequired><Value i:nil="true"/></Attribute><Attribute z:Id="i329"><AttributeType>soft_lower_limit</AttributeType><IsRequired>false</IsRequired><Value i:nil="true"/></Attribute><Attribute z:Id="i330"><AttributeType>k_position</AttributeType><IsRequired>false</IsRequired><Value i:nil="true"/></Attribute><Attribute z:Id="i331"><AttributeType>k_velocity</AttributeType><IsRequired>true</IsRequired><Value i:nil="true"/></Attribute></Attributes><ChildElements/><ElementName>safety_controller</ElementName><required>false</required><KPositionAttribute z:Ref="i330"/><KVelocityAttribute z:Ref="i331"/><SoftLowerAttribute z:Ref="i329"/><SoftUpperAttribute z:Ref="i328"/></URDFElement><URDFElement z:Id="i332" i:type="Mimic"><Attributes><Attribute z:Id="i333"><AttributeType>joint</AttributeType><IsRequired>true</IsRequired><Value i:nil="true"/></Attribute><Attribute z:Id="i334"><AttributeType>multiplier</AttributeType><IsRequired>false</IsRequired><Value i:nil="true"/></Attribute><Attribute z:Id="i335"><AttributeType>offset</AttributeType><IsRequired>false</IsRequired><Value i:nil="true"/></Attribute></Attributes><ChildElements/><ElementName>mimic</ElementName><required>false</required><JointNameAttribute z:Ref="i333"/><MultiplierAttribute z:Ref="i334"/><OffsetAttribute z:Ref="i335"/></URDFElement></ChildElements><ElementName>joint</ElementName><required>false</required><Axis z:Ref="i314"/><AxisName>Automatically Generate</AxisName><Calibration z:Ref="i321"/><Child z:Ref="i312"/><CoordinateSystemName>Automatically Generate</CoordinateSystemName><Dynamics z:Ref="i324"/><Limit z:Ref="i316"/><Mimic z:Ref="i332"/><NameAttribute z:Ref="i305"/><Origin z:Ref="i307"/><Parent z:Ref="i310"/><Safety z:Ref="i327"/><TypeAttribute z:Ref="i306"/></URDFElement></ChildElements><ElementName>link</ElementName><required>true</required><Children/><Collision z:Ref="i297"/><Inertial z:Ref="i271"/><Joint z:Ref="i304"/><NameAttribute z:Ref="i270"/><Parent z:Ref="i1"/><STLQualityFine>false</STLQualityFine><SWComponentPIDs xmlns:a="http://schemas.microsoft.com/2003/10/Serialization/Arrays"><a:base64Binary>UEYAAAUAAAD//v8ppp5ujzV1OmdVU01PLQAzAEAAHCB6AG8AbgBnAHoAaAB1AGEAbgBnAHQAdQAdIEYAQwAvADYAbQBtAFSAdI9oVi0AMQBAAKaebo81dTpnVVNNTwQAAAAQAAAAAQAAAAIAAABGAAAAHAAAAA==</a:base64Binary><a:base64Binary>UEYAAAUAAAD//v8qpp5ujzV1OmdVU01PLQAzAEAAHCB6AG8AbgBnAHoAaAB1AGEAbgBnAHQAdQAdIEYAQwAvAKaebo+aTktRm1IvZadeLQAxAEAApp5ujzV1OmdVU01PBAAAABAAAAABAAAAAgAAAEYAAAAdAAAA</a:base64Binary><a:base64Binary>UEYAAAUAAAD//v8opp5ujzV1OmdVU01PLQAzAEAAHCB6AG8AbgBnAHoAaAB1AGEAbgBnAHQAdQAdIEYAQwAvADMA8YL4W6aebo8tADEAQACmnm6PNXU6Z1VTTU8EAAAAEAAAAAEAAAACAAAARgAAABsAAAA=</a:base64Binary></SWComponentPIDs><SWMainComponentPID i:nil="true"/><Visual z:Ref="i284"/><isFixedFrame>false</isFixedFrame><isIncomplete>false</isIncomplete></Link></Children><Collision z:Ref="i29"/><Inertial z:Ref="i3"/><Joint z:Ref="i36"/><NameAttribute z:Ref="i2"/><Parent i:nil="true"/><STLQualityFine>false</STLQualityFine><SWComponentPIDs xmlns:a="http://schemas.microsoft.com/2003/10/Serialization/Arrays"><a:base64Binary>UEYAAAUAAAD//v8aMwAyAFgAMgA1AAhUdZgtADYAQAAcIHoAbwBuAGcAegBoAHUAYQBuAGcAdAB1AB0gRgBDAAQAAAAQAAAAAQAAAAEAAABKAAAA</a:base64Binary><a:base64Binary>UEYAAAUAAAD//v8aMwAyAFgAMgA1AAhUdZgtADgAQAAcIHoAbwBuAGcAegBoAHUAYQBuAGcAdAB1AB0gRgBDAAQAAAAQAAAAAQAAAAEAAABMAAAA</a:base64Binary><a:base64Binary>UEYAAAUAAAD//v8aMwAyAFgAMgA1AAhUdZgtADcAQAAcIHoAbwBuAGcAegBoAHUAYQBuAGcAdAB1AB0gRgBDAAQAAAAQAAAAAQAAAAEAAABLAAAA</a:base64Binary><a:base64Binary>UEYAAAUAAAD//v8Wz1EHl2hWLQA5AEAAHCB6AG8AbgBnAHoAaAB1AGEAbgBnAHQAdQAdIEYAQwAEAAAAEAAAAAEAAAABAAAAfQMAAA==</a:base64Binary><a:base64Binary>UEYAAAUAAAD//v8Wz1EHl2hWLQA4AEAAHCB6AG8AbgBnAHoAaAB1AGEAbgBnAHQAdQAdIEYAQwAEAAAAEAAAAAEAAAABAAAAeAMAAA==</a:base64Binary><a:base64Binary>UEYAAAUAAAD//v8Xz1EHl2hWLQAxADAAQAAcIHoAbwBuAGcAegBoAHUAYQBuAGcAdAB1AB0gRgBDAAQAAAAQAAAAAQAAAAEAAACCAwAA</a:base64Binary><a:base64Binary>UEYAAAUAAAD//v8Wz1EHl2hWLQA3AEAAHCB6AG8AbgBnAHoAaAB1AGEAbgBnAHQAdQAdIEYAQwAEAAAAEAAAAAEAAAABAAAAcwMAAA==</a:base64Binary><a:base64Binary>UEYAAAUAAAD//v8bz1EHl2hWC06JW8WIL2W2Zy0ANABAABwgegBvAG4AZwB6AGgAdQBhAG4AZwB0AHUAHSBGAEMABAAAABAAAAABAAAAAQAAAMICAAA=</a:base64Binary><a:base64Binary>UEYAAAUAAAD//v8bz1EHl2hWiVvFiC9ltmcKTi0ANwBAABwgegBvAG4AZwB6AGgAdQBhAG4AZwB0AHUAHSBGAEMABAAAABAAAAABAAAAAQAAAKcCAAA=</a:base64Binary><a:base64Binary>UEYAAAUAAAD//v8Wz1EHl2hWLQAzAEAAHCB6AG8AbgBnAHoAaAB1AGEAbgBnAHQAdQAdIEYAQwAEAAAAEAAAAAEAAAABAAAAqgEAAA==</a:base64Binary><a:base64Binary>UEYAAAUAAAD//v8Wz1EHl2hWLQA0AEAAHCB6AG8AbgBnAHoAaAB1AGEAbgBnAHQAdQAdIEYAQwAEAAAAEAAAAAEAAAABAAAAugEAAA==</a:base64Binary><a:base64Binary>UEYAAAUAAAD//v8bz1EHl2hWiVvFiC9ltmcKTi0ANgBAABwgegBvAG4AZwB6AGgAdQBhAG4AZwB0AHUAHSBGAEMABAAAABAAAAABAAAAAQAAAKMCAAA=</a:base64Binary><a:base64Binary>UEYAAAUAAAD//v8Wz1EHl2hWLQA2AEAAHCB6AG8AbgBnAHoAaAB1AGEAbgBnAHQAdQAdIEYAQwAEAAAAEAAAAAEAAAABAAAAyAEAAA==</a:base64Binary><a:base64Binary>UEYAAAUAAAD//v8bz1EHl2hWiVvFiC9ltmcKTi0ANABAABwgegBvAG4AZwB6AGgAdQBhAG4AZwB0AHUAHSBGAEMABAAAABAAAAABAAAAAQAAAGMBAAA=</a:base64Binary><a:base64Binary>UEYAAAUAAAD//v8Wz1EHl2hWLQA1AEAAHCB6AG8AbgBnAHoAaAB1AGEAbgBnAHQAdQAdIEYAQwAEAAAAEAAAAAEAAAABAAAAwAEAAA==</a:base64Binary><a:base64Binary>UEYAAAUAAAD//v8bz1EHl2hWiVvFiC9ltmcKTi0ANQBAABwgegBvAG4AZwB6AGgAdQBhAG4AZwB0AHUAHSBGAEMABAAAABAAAAABAAAAAQAAAJ8BAAA=</a:base64Binary><a:base64Binary>UEYAAAUAAAD//v8bz1EHl2hWiVvFiC9ltmcKTi0AOQBAABwgegBvAG4AZwB6AGgAdQBhAG4AZwB0AHUAHSBGAEMABAAAABAAAAABAAAAAQAAAGsDAAA=</a:base64Binary><a:base64Binary>UEYAAAUAAAD//v8bz1EHl2hWiVvFiC9ltmcKTi0AOABAABwgegBvAG4AZwB6AGgAdQBhAG4AZwB0AHUAHSBGAEMABAAAABAAAAABAAAAAQAAAOACAAA=</a:base64Binary><a:base64Binary>UEYAAAUAAAD//v8bz1EHl2hWC06JW8WIL2W2Zy0AMwBAABwgegBvAG4AZwB6AGgAdQBhAG4AZwB0AHUAHSBGAEMABAAAABAAAAABAAAAAQAAALoCAAA=</a:base64Binary><a:base64Binary>UEYAAAUAAAD//v8dlV7YdppOS1GbUs9RB5d/ZzQAMgAtADIAQAAcIHoAbwBuAGcAegBoAHUAYQBuAGcAdAB1AB0gRgBDAAQAAAAQAAAAAQAAAAEAAADNAQAA</a:base64Binary><a:base64Binary>UEYAAAUAAAD//v8bz1EHl2hWiVvFiC9ltmcKTi0AMwBAABwgegBvAG4AZwB6AGgAdQBhAG4AZwB0AHUAHSBGAEMABAAAABAAAAABAAAAAQAAALoAAAA=</a:base64Binary><a:base64Binary>UEYAAAUAAAD//v8bz1EHl2hWC06JW8WIL2W2Zy0AMQBAABwgegBvAG4AZwB6AGgAdQBhAG4AZwB0AHUAHSBGAEMABAAAABAAAAABAAAAAQAAAKUAAAA=</a:base64Binary><a:base64Binary>UEYAAAUAAAD//v8dlV7YdppOS1GbUs9RB5d/ZzQAMgAtADEAQAAcIHoAbwBuAGcAegBoAHUAYQBuAGcAdAB1AB0gRgBDAAQAAAAQAAAAAQAAAAEAAABXAQAA</a:base64Binary><a:base64Binary>UEYAAAUAAAD//v8bz1EHl2hWiVvFiC9ltmcKTi0AMQBAABwgegBvAG4AZwB6AGgAdQBhAG4AZwB0AHUAHSBGAEMABAAAABAAAAABAAAAAQAAAK8AAAA=</a:base64Binary><a:base64Binary>UEYAAAUAAAD//v8clV7YdppOS1GbUs9RB5d/ZzQALQAyAEAAHCB6AG8AbgBnAHoAaAB1AGEAbgBnAHQAdQAdIEYAQwAEAAAAEAAAAAEAAAABAAAAYgAAAA==</a:base64Binary><a:base64Binary>UEYAAAUAAAD//v8clV7YdppOS1GbUs9RB5d/ZzQALQAxAEAAHCB6AG8AbgBnAHoAaAB1AGEAbgBnAHQAdQAdIEYAQwAEAAAAEAAAAAEAAAABAAAAXgAAAA==</a:base64Binary><a:base64Binary>UEYAAAUAAAD//v8bNAA1ADAAbQBtAN2UuWWhey0AMQBAABwgegBvAG4AZwB6AGgAdQBhAG4AZwB0AHUAHSBGAEMABAAAABAAAAABAAAAAQAAAFIAAAA=</a:base64Binary><a:base64Binary>UEYAAAUAAAD//v8cMgA1ADAAbQBtAN2UuWWhezMALQAyAEAAHCB6AG8AbgBnAHoAaAB1AGEAbgBnAHQAdQAdIEYAQwAEAAAAEAAAAAEAAAABAAAATQAAAA==</a:base64Binary><a:base64Binary>UEYAAAUAAAD//v8bz1EHl2hWC06JW8WIL2W2Zy0AMgBAABwgegBvAG4AZwB6AGgAdQBhAG4AZwB0AHUAHSBGAEMABAAAABAAAAABAAAAAQAAAFsBAAA=</a:base64Binary><a:base64Binary>UEYAAAUAAAD//v8bNAA1ADAAbQBtAN2UuWWhey0AMgBAABwgegBvAG4AZwB6AGgAdQBhAG4AZwB0AHUAHSBGAEMABAAAABAAAAABAAAAAQAAAFYAAAA=</a:base64Binary><a:base64Binary>UEYAAAUAAAD//v8bMgA1ADAAbQBtAN2UuWWhey0AMgBAABwgegBvAG4AZwB6AGgAdQBhAG4AZwB0AHUAHSBGAEMABAAAABAAAAABAAAAAQAAAD8AAAA=</a:base64Binary><a:base64Binary>UEYAAAUAAAD//v8app5ujzV1OmeVXn9nMwAtADIAQAAcIHoAbwBuAGcAegBoAHUAYQBuAGcAdAB1AB0gRgBDAAQAAAAQAAAAAQAAAAEAAAAqAAAA</a:base64Binary><a:base64Binary>UEYAAAUAAAD//v8bMgA1ADAAbQBtAN2UuWWhey0AMQBAABwgegBvAG4AZwB6AGgAdQBhAG4AZwB0AHUAHSBGAEMABAAAABAAAAABAAAAAQAAADwAAAA=</a:base64Binary><a:base64Binary>UEYAAAUAAAD//v8aMwAyAFgAMgA1AAhUdZgtADQAQAAcIHoAbwBuAGcAegBoAHUAYQBuAGcAdAB1AB0gRgBDAAQAAAAQAAAAAQAAAAEAAAAtAAAA</a:base64Binary><a:base64Binary>UEYAAAUAAAD//v8aMwAyAFgAMgA1AAhUdZgtADMAQAAcIHoAbwBuAGcAegBoAHUAYQBuAGcAdAB1AB0gRgBDAAQAAAAQAAAAAQAAAAEAAAAsAAAA</a:base64Binary><a:base64Binary>UEYAAAUAAAD//v8aMwAyAFgAMgA1AAhUdZgtADEAQAAcIHoAbwBuAGcAegBoAHUAYQBuAGcAdAB1AB0gRgBDAAQAAAAQAAAAAQAAAAEAAAAcAAAA</a:base64Binary><a:base64Binary>UEYAAAUAAAD//v8aMwAyAFgAMgA1AAhUdZgtADIAQAAcIHoAbwBuAGcAegBoAHUAYQBuAGcAdAB1AB0gRgBDAAQAAAAQAAAAAQAAAAEAAAAdAAAA</a:base64Binary><a:base64Binary>UEYAAAUAAAD//v8app5ujzV1OmeVXn9nMwAtADEAQAAcIHoAbwBuAGcAegBoAHUAYQBuAGcAdAB1AB0gRgBDAAQAAAAQAAAAAQAAAAEAAAAXAAAA</a:base64Binary><a:base64Binary>UEYAAAUAAAD//v8cMgA1ADAAbQBtAN2UuWWhezMALQAxAEAAHCB6AG8AbgBnAHoAaAB1AGEAbgBnAHQAdQAdIEYAQwAEAAAAEAAAAAEAAAABAAAAJAAAAA==</a:base64Binary><a:base64Binary>UEYAAAUAAAD//v8app5ujzV1OmeVXn9nMwAtADQAQAAcIHoAbwBuAGcAegBoAHUAYQBuAGcAdAB1AB0gRgBDAAQAAAAQAAAAAQAAAAEAAABHAAAA</a:base64Binary><a:base64Binary>UEYAAAUAAAD//v8app5ujzV1OmeVXn9nMwAtADMAQAAcIHoAbwBuAGcAegBoAHUAYQBuAGcAdAB1AB0gRgBDAAQAAAAQAAAAAQAAAAEAAABFAAAA</a:base64Binary><a:base64Binary>UEYAAAUAAAD//v8aMwAyAFgAMgA1AAhUdZgtADUAQAAcIHoAbwBuAGcAegBoAHUAYQBuAGcAdAB1AB0gRgBDAAQAAAAQAAAAAQAAAAEAAABJAAAA</a:base64Binary><a:base64Binary>UEYAAAUAAAD//v8tpp5ujzV1OmdVU01PLQAyAEAAHCB6AG8AbgBnAHoAaAB1AGEAbgBnAHQAdQAdIEYAQwAvAEcATQAzADcALQA1ADQANQA1dTpnLQAxAEAApp5ujzV1OmdVU01PBAAAABAAAAABAAAAAgAAADgAAAAWAAAA</a:base64Binary><a:base64Binary>UEYAAAUAAAD//v8rpp5ujzV1OmdVU01PLQAyAEAAHCB6AG8AbgBnAHoAaAB1AGEAbgBnAHQAdQAdIEYAQwAvADMANwDPUR+QNXU6Zy9lp14tADEAQACmnm6PNXU6Z1VTTU8EAAAAEAAAAAEAAAACAAAAOAAAABcAAAA=</a:base64Binary><a:base64Binary>UEYAAAUAAAD//v8tpp5ujzV1OmdVU01PLQAxAEAAHCB6AG8AbgBnAHoAaAB1AGEAbgBnAHQAdQAdIEYAQwAvAEcATQAzADcALQA1ADQANQA1dTpnLQAxAEAApp5ujzV1OmdVU01PBAAAABAAAAABAAAAAgAAABgAAAAWAAAA</a:base64Binary><a:base64Binary>UEYAAAUAAAD//v8rpp5ujzV1OmdVU01PLQAxAEAAHCB6AG8AbgBnAHoAaAB1AGEAbgBnAHQAdQAdIEYAQwAvADMANwDPUR+QNXU6Zy9lp14tADEAQACmnm6PNXU6Z1VTTU8EAAAAEAAAAAEAAAACAAAAGAAAABcAAAA=</a:base64Binary><a:base64Binary>UEYAAAUAAAD//v8tpp5ujzV1OmdVU01PLQAzAEAAHCB6AG8AbgBnAHoAaAB1AGEAbgBnAHQAdQAdIEYAQwAvAEcATQAzADcALQA1ADQANQA1dTpnLQAxAEAApp5ujzV1OmdVU01PBAAAABAAAAABAAAAAgAAAEYAAAAWAAAA</a:base64Binary><a:base64Binary>UEYAAAUAAAD//v8rpp5ujzV1OmdVU01PLQAzAEAAHCB6AG8AbgBnAHoAaAB1AGEAbgBnAHQAdQAdIEYAQwAvADMANwDPUR+QNXU6Zy9lp14tADEAQACmnm6PNXU6Z1VTTU8EAAAAEAAAAAEAAAACAAAARgAAABcAAAA=</a:base64Binary><a:base64Binary>UEYAAAUAAAD//v8tpp5ujzV1OmdVU01PLQA0AEAAHCB6AG8AbgBnAHoAaAB1AGEAbgBnAHQAdQAdIEYAQwAvAEcATQAzADcALQA1ADQANQA1dTpnLQAxAEAApp5ujzV1OmdVU01PBAAAABAAAAABAAAAAgAAAEgAAAAWAAAA</a:base64Binary><a:base64Binary>UEYAAAUAAAD//v8rpp5ujzV1OmdVU01PLQA0AEAAHCB6AG8AbgBnAHoAaAB1AGEAbgBnAHQAdQAdIEYAQwAvADMANwDPUR+QNXU6Zy9lp14tADEAQACmnm6PNXU6Z1VTTU8EAAAAEAAAAAEAAAACAAAASAAAABcAAAA=</a:base64Binary></SWComponentPIDs><SWMainComponentPID i:nil="true"/><Visual z:Ref="i16"/><isFixedFrame>false</isFixedFrame><isIncomplete>false</isIncomplete></Link>
2026-10-03 16:29:18,551 INFO  AssemblyExportForm.cs: 309 - Saving URDF package to C:\00_git_code\2026_robot_base\麦克纳姆轮小车urdf模型文件\mecanum_car_model
2026-10-03 16:29:18,553 INFO  ExportHelper.cs: 148 - Beginning the export process
2026-10-03 16:29:18,556 INFO  ExportHelper.cs: 154 - Creating package directories with name mecanum_car_model and save path C:\00_git_code\2026_robot_base\麦克纳姆轮小车urdf模型文件
2026-10-03 16:29:20,890 INFO  ExportHelper.cs: 163 - Creating CMakeLists.txt at C:\00_git_code\2026_robot_base\麦克纳姆轮小车urdf模型文件\mecanum_car_model\CMakeLists.txt
2026-10-03 16:29:20,891 INFO  ExportHelper.cs: 167 - Creating joint names config at C:\00_git_code\2026_robot_base\麦克纳姆轮小车urdf模型文件\mecanum_car_model\config\joint_names_mecanum_car_model.yaml
2026-10-03 16:29:20,892 INFO  ExportHelper.cs: 171 - Creating package.xml at C:\00_git_code\2026_robot_base\麦克纳姆轮小车urdf模型文件\mecanum_car_model\package.xml
2026-10-03 16:29:20,894 INFO  PackageXMLWriter.cs: 21 - Creating package.xml at C:\00_git_code\2026_robot_base\麦克纳姆轮小车urdf模型文件\mecanum_car_model\package.xml
2026-10-03 16:29:20,898 INFO  ExportHelper.cs: 178 - Creating RVIZ launch file in C:\00_git_code\2026_robot_base\麦克纳姆轮小车urdf模型文件\mecanum_car_model\launch\
2026-10-03 16:29:20,900 INFO  ExportHelper.cs: 183 - Creating Gazebo launch file in C:\00_git_code\2026_robot_base\麦克纳姆轮小车urdf模型文件\mecanum_car_model\launch\
2026-10-03 16:29:20,901 INFO  ExportHelper.cs: 188 - Saving existing STL preferences
2026-10-03 16:29:20,901 INFO  ExportHelper.cs: 568 - Saving users preferences
2026-10-03 16:29:20,902 INFO  ExportHelper.cs: 191 - Modifying STL preferences
2026-10-03 16:29:20,903 INFO  ExportHelper.cs: 582 - Setting STL preferences
2026-10-03 16:29:20,909 INFO  ExportHelper.cs: 197 - Found 1 hidden components 地面-1
2026-10-03 16:29:20,910 INFO  ExportHelper.cs: 198 - Hiding all components
2026-10-03 16:29:21,187 INFO  ExportHelper.cs: 205 - Beginning individual files export
2026-10-03 16:29:21,210 INFO  ExportHelper.cs: 271 - Exporting link: base_link
2026-10-03 16:29:21,210 INFO  ExportHelper.cs: 273 - Link base_link has 4 children
2026-10-03 16:29:21,211 INFO  ExportHelper.cs: 271 - Exporting link: Link1
2026-10-03 16:29:21,212 INFO  ExportHelper.cs: 273 - Link Link1 has 0 children
2026-10-03 16:29:21,222 INFO  ExportHelper.cs: 435 - Link1: Exporting STL with coordinate frame Origin_wheel1
2026-10-03 16:29:21,223 INFO  ExportHelper.cs: 440 - Link1: Reference geometry name 
2026-10-03 16:29:21,352 INFO  ExportHelper.cs: 448 - Saving STL to C:\00_git_code\2026_robot_base\麦克纳姆轮小车urdf模型文件\mecanum_car_model\meshes\Link1.STL
2026-10-03 16:29:21,841 INFO  ExportHelper.cs: 523 - Removing SW header in STL file
2026-10-03 16:29:21,842 INFO  ExportHelper.cs: 271 - Exporting link: Link2
2026-10-03 16:29:21,842 INFO  ExportHelper.cs: 273 - Link Link2 has 0 children
2026-10-03 16:29:21,843 INFO  ExportHelper.cs: 435 - Link2: Exporting STL with coordinate frame Origin_wheel2
2026-10-03 16:29:21,843 INFO  ExportHelper.cs: 440 - Link2: Reference geometry name 
2026-10-03 16:29:21,953 INFO  ExportHelper.cs: 448 - Saving STL to C:\00_git_code\2026_robot_base\麦克纳姆轮小车urdf模型文件\mecanum_car_model\meshes\Link2.STL
2026-10-03 16:29:22,339 INFO  ExportHelper.cs: 523 - Removing SW header in STL file
2026-10-03 16:29:22,340 INFO  ExportHelper.cs: 271 - Exporting link: Link3
2026-10-03 16:29:22,340 INFO  ExportHelper.cs: 273 - Link Link3 has 0 children
2026-10-03 16:29:22,341 INFO  ExportHelper.cs: 435 - Link3: Exporting STL with coordinate frame Origin_wheel3
2026-10-03 16:29:22,341 INFO  ExportHelper.cs: 440 - Link3: Reference geometry name 
2026-10-03 16:29:22,498 INFO  ExportHelper.cs: 448 - Saving STL to C:\00_git_code\2026_robot_base\麦克纳姆轮小车urdf模型文件\mecanum_car_model\meshes\Link3.STL
2026-10-03 16:29:22,901 INFO  ExportHelper.cs: 523 - Removing SW header in STL file
2026-10-03 16:29:22,902 INFO  ExportHelper.cs: 271 - Exporting link: Link4
2026-10-03 16:29:22,903 INFO  ExportHelper.cs: 273 - Link Link4 has 0 children
2026-10-03 16:29:22,903 INFO  ExportHelper.cs: 435 - Link4: Exporting STL with coordinate frame Origin_wheel4
2026-10-03 16:29:22,903 INFO  ExportHelper.cs: 440 - Link4: Reference geometry name 
2026-10-03 16:29:23,007 INFO  ExportHelper.cs: 448 - Saving STL to C:\00_git_code\2026_robot_base\麦克纳姆轮小车urdf模型文件\mecanum_car_model\meshes\Link4.STL
2026-10-03 16:29:23,395 INFO  ExportHelper.cs: 523 - Removing SW header in STL file
2026-10-03 16:29:23,396 INFO  ExportHelper.cs: 435 - base_link: Exporting STL with coordinate frame Origin_global
2026-10-03 16:29:23,396 INFO  ExportHelper.cs: 440 - base_link: Reference geometry name 
2026-10-03 16:29:23,901 INFO  ExportHelper.cs: 448 - Saving STL to C:\00_git_code\2026_robot_base\麦克纳姆轮小车urdf模型文件\mecanum_car_model\meshes\base_link.STL
2026-10-03 16:29:26,240 INFO  ExportHelper.cs: 523 - Removing SW header in STL file
2026-10-03 16:29:26,240 INFO  ExportHelper.cs: 146 - Showing all components except previously hidden components
2026-10-03 16:29:28,392 INFO  ExportHelper.cs: 146 - Resetting STL preferences
2026-10-03 16:29:28,393 INFO  ExportHelper.cs: 596 - Returning STL preferences to user preferences
2026-10-03 16:29:28,393 INFO  ExportHelper.cs: 229 - Writing URDF file to C:\00_git_code\2026_robot_base\麦克纳姆轮小车urdf模型文件\mecanum_car_model\urdf\mecanum_car_model.urdf
2026-10-03 16:29:28,400 INFO  CSVImportExport.cs: 32 - Writing CSV file C:\00_git_code\2026_robot_base\麦克纳姆轮小车urdf模型文件\mecanum_car_model\urdf\mecanum_car_model.csv
2026-10-03 16:29:28,421 ERROR CSVImportExport.cs: 130 - The following columns were not written to the CSV: Link.Joint.ChildLink.link,
2026-10-03 16:29:28,422 ERROR CSVImportExport.cs: 130 - The following columns were not written to the CSV: Link.Joint.ChildLink.link,
2026-10-03 16:29:28,422 ERROR CSVImportExport.cs: 130 - The following columns were not written to the CSV: Link.Joint.ChildLink.link,
2026-10-03 16:29:28,422 ERROR CSVImportExport.cs: 130 - The following columns were not written to the CSV: Link.Joint.ChildLink.link,
2026-10-03 16:29:28,423 ERROR CSVImportExport.cs: 130 - The following columns were not written to the CSV: Link.Joint.ChildLink.link,
2026-10-03 16:29:28,423 INFO  ExportHelper.cs: 235 - Copying log file
2026-10-03 16:29:28,425 INFO  ExportHelper.cs: 557 - Copying C:\Users\Arjen\sw2urdf_logs\sw2urdf.log to C:\00_git_code\2026_robot_base\麦克纳姆轮小车urdf模型文件\mecanum_car_model\export.log
